track,artist,year,songHotness,artistFamiliarity,artistHotness,tempo,loudness,timeSignature,timeSignatureConfidence,key,keyConfidence,mode,modeConfidence,meanSegmentTimbre_1,meanSegmentTimbre_2,meanSegmentTimbre_3,meanSegmentTimbre_4,meanSegmentTimbre_5,meanSegmentTimbre_6,meanSegmentTimbre_7,meanSegmentTimbre_8,meanSegmentTimbre_9,meanSegmentTimbre_10,meanSegmentTimbre_11,meanSegmentTimbre_12,mood
1492,Scarlet's Remains,2005,0.480329369,0.527865076,0.393121934,170.702,-8.039,4,0,0,0.599,1,0.464,48.81835456,34.09218244,9.484900172,-18.47099312,-26.76646127,-25.79970568,-9.299924269,0.71524957,16.09305164,10.24369535,-1.627153184,-0.370247849,angry
3,Britney Spears,2009,NaN,0.947327507,0.60725728,131.999,-6.278,5,1,1,0.309,1,0.409,46.62721544,14.99467148,-32.78636154,24.12126083,-10.09894841,-27.99168469,12.57993232,13.03061535,1.277525794,7.914642592,8.166654973,4.393197276,excited
6TH Avenue Nightmare,Pennywise,2005,NaN,0.816998189,0.512229189,200.877,-5.111,4,0,9,0.053,1,0.217,51.2027611,57.10446095,21.55125881,-4.6588683,-16.92533384,-24.97035375,-0.425289433,-2.649019908,4.413961715,8.586961715,-1.523460949,-7.412026034,excited
A Fall Song,Cross Country,2009,0.212045405,0.375195664,0.355707867,129.169,-11.724,4,0.74,9,0.781,1,0.521,40.38922128,-28.14775532,-12.3480383,-24.12940851,-21.24485106,-8.162044681,-14.81427872,-6.644438298,15.25890851,2.010770213,-0.351880851,18.28845319,calm
A Talk With Dad,Speech,2003,0,0.596275994,0.341959997,73.11,-22.033,5,0.814,1,0,0,0,27.02996029,-20.01733676,54.59571176,24.38863676,-50.08426471,27.44113529,-46.79941324,12.32880294,-32.84059412,0.236398529,0.297869118,25.66253088,calm
Acension Final Chord Rising,Terry Riley,2002,NaN,0.60981436,0.409762631,128.135,-37.065,4,0.65,2,0.036,1,0.211,17.40618462,-112.8344769,29.09646154,-16.96992308,115.1665692,-51.42318462,15.23536923,11.45636923,-38.84595385,-7.684246154,-0.729138462,-27.96561538,calm
Adrift,Jack Johnson,2008,0.737850332,0.832011771,0.643072293,241.818,-15.967,4,0.359,0,1,1,0.963,35.08225037,-81.20287406,-21.84917991,-12.02061619,-4.493358321,-1.299664168,4.485442279,-8.885233883,-1.011521739,-6.860674663,-4.311658171,4.533016492,calm
Affliction,AFI,2006,0.836930122,0.909247283,0.554938522,113.471,-5.711,5,0.576,4,0.093,1,0.332,47.92822689,1.524164916,20.61973529,-2.360043067,-23.04271534,-22.65178992,6.047514706,0.116639706,1.545265756,-0.873337185,2.101742647,4.440447479,excited
After One Quarter Of A Revolution,Every Time I Die,2009,0.656917227,0.842423318,0.56485575,114.638,-3.988,1,0.341,7,0.099,1,0.452,52.15524155,28.11049275,24.95718116,-9.638917874,-1.562137681,-28.49427536,4.366086957,2.510582126,7.354702899,5.202398551,-2.593806763,-2.033193237,angry
Ain't Gone 'N' Give Up On Love,Stevie Ray Vaughan And Double Trouble,2005,NaN,0.78303711,0.544257506,150.582,-12.077,3,1,1,0.572,1,0.532,39.70249763,-23.87105393,-24.20791391,-11.86108325,-32.24462441,-11.90794324,2.044701987,-3.923425733,15.53784484,2.051519395,-0.586883633,10.07484957,calm
Ain't It Funny,Jennifer Lopez,2001,NaN,0.816842854,0.567889145,99.831,-4.821,4,0.884,2,0.542,1,0.484,47.66540198,40.25828119,-1.154030693,-3.509479208,0.049337624,-11.32394059,1.236069307,5.974656436,5.742308911,5.529123762,-0.402133663,9.444732673,happy
Ain't That Something,High Strung_ The,2003,NaN,0.59994467,0.396800219,120.944,-2.694,4,0.688,9,0.795,1,0.582,53.73707643,35.26336093,25.97096603,-4.313286624,-21.1667431,-13.04748832,-12.37415499,-0.453146497,9.684723992,-1.086312102,-0.38718896,-6.419768577,happy
All I Can Do,Kane,2005,NaN,0.58893851,0.377961532,89.975,-10.262,3,1,3,0.116,1,0.341,36.77457996,-45.25656716,-18.93227505,-21.07701066,-12.74464179,-14.7638209,0.806539446,-2.901950959,-3.318829424,-3.913223881,-4.897144989,-4.86854371,sad
All Of This,Blink-182,2003,0.724133953,0.851351443,0.582346374,117.574,-5.342,4,0.956,9,0.501,1,0.6,47.43275311,-0.990396376,-13.73216082,2.272294451,-15.40666025,-6.868138165,8.428663647,-14.17310985,17.35560589,-4.811202718,-1.641775764,-2.194870895,sad
All That's Left,Thrice,2003,0.896789016,0.873238653,0.519965479,182.977,-2.87,4,0.472,7,0.663,0,0.639,51.37826023,52.48888158,32.1685848,12.88575877,-36.81937427,-17.68455117,-5.695054094,0.602752924,12.64953801,6.843076023,5.351887427,4.552777778,excited
Ambulance Man,Memphis Jug Band,2001,NaN,0.506126774,0.350787891,97.754,-15.963,1,0,10,0.977,1,0.858,36.11808478,-75.02558043,24.66967174,-17.2763,-48.3453087,21.13904565,-32.48558478,7.91803913,7.97833913,13.51133478,-5.569023913,2.409184783,sad
America's Suitehearts,Fall Out Boy,2008,0.787620404,0.93796475,0.566622888,160.109,-4.469,4,0.47,2,0.439,1,0.524,50.29077634,44.16013128,29.27563695,-3.321998379,-3.268388979,-14.43279254,-2.588461912,-0.41867423,15.82015073,6.322805511,-1.982867099,-2.234095624,happy
American Dreams,Charlie Haden,2002,0.265861049,0.618296844,0.375374819,141.229,-24.22,4,0.06,7,0.367,1,0.288,27.3094292,-97.51980531,-66.08514749,-23.55660472,14.52958555,-33.07264159,8.693448378,-0.08979646,4.605967552,6.14650885,-1.129358407,-10.61598525,calm
American Girl,Brooke Valentine,2005,0.668033348,0.705745818,0.359064296,130.495,-5.806,4,0.61,9,0.746,1,0.499,44.56664499,30.99157688,-17.53906398,15.01284727,6.761136223,0.79826419,-4.9179742,3.172244582,6.965341589,9.526603715,4.358496388,1.258018576,happy
Angel Food,Steve Vai,2009,0.564985964,0.645720023,0.543954417,147.83,-12.338,1,0,4,0.459,1,0.112,38.81759164,63.29237106,-71.83374791,-12.34168039,9.225654662,-7.489453376,-10.03616656,-12.95387653,8.923959486,4.65402508,-0.731551768,6.547606431,excited
Anyone Who Had A Heart,Cal Tjader,2003,NaN,0.624200328,0.369076871,118.596,-18.896,1,0,10,0.576,1,0.5,34.04402421,-64.55127374,5.11747486,2.636815642,15.28168715,-13.89689944,5.32766108,-10.75878957,19.95452328,1.030126629,-0.183456238,1.766363128,calm
Anywhere Anytime,Sara Melson,2008,NaN,0.576523099,0.323637336,167.905,-4.638,4,0.238,5,0.75,1,0.689,50.86476988,18.35509814,15.54765313,-8.088104907,24.34667682,-14.37159729,8.691807107,-1.372104907,4.327194585,-2.969079526,-5.304854484,-7.213622673,happy
Approach To Danger (Edited),N.W.A.,2006,0.657056484,0.747708669,0.52040786,189.801,-5.032,4,0,6,0.827,1,0.756,49.84136218,99.36464847,15.63920107,-2.687563249,0.566623169,-13.8535486,-5.6973502,13.56707856,7.944219707,17.34976964,-3.548865513,16.20425033,angry
Baby Don't You Change,Tyrone Wells,2005,0.722844728,0.689793071,0.377849173,151.699,-7.825,4,0.831,1,0.561,0,0.536,43.10377473,25.61475328,-36.66418355,-9.80432062,-15.44394517,6.282020262,-1.062809297,-0.599624553,0.80972944,-0.158926103,-6.632996424,-0.314014303,calm
Baby_ I'm Your Man,Kevin Max,2008,0.595926916,0.599464763,0.392747311,88.002,-6.968,4,0.331,9,0.493,1,0.519,46.15897414,-40.41928793,27.59879483,-4.825381034,5.5146,-12.4219069,-3.319987931,-1.788455172,-4.674124138,-7.660401724,-0.171768966,0.867196552,happy
Back Then,BoDeans,2010,0.355285536,0.617608694,0.405967369,147.944,-5.892,4,0.776,9,0.571,1,0.52,48.66327249,2.73755527,8.32498072,0.579546272,-14.41720308,-9.496125964,-11.80274679,-4.216699229,-9.991208226,-7.163011568,5.80533419,1.742044987,happy
Be,Jessica Simpson,2003,NaN,0.776885722,0.586086207,163.848,-6.53,4,0.384,5,0.633,1,0.511,46.02103178,28.52979829,19.05162836,-3.246339853,8.06647555,-14.70900367,-0.512440098,-4.973871638,0.438599022,0.570398533,-1.586706601,-2.193512225,happy
Beautiful,Eminem,2009,NaN,0.871010615,0.804830428,131.955,-7.038,4,0.722,5,1,0,0.89,40.82232826,24.86442844,-50.25512165,8.64379517,-41.03599642,2.312764758,-29.91550894,1.831633274,22.3443703,-2.871706619,-2.483764758,3.491199463,sad
Been There All The Time,Dinosaur Jr.,2007,0.62921271,0.749796959,0.551552455,253.357,-3.868,4,0.506,2,0.191,1,0.309,52.0102717,22.92010566,40.3781434,-0.334156604,-8.000362264,-22.76595094,-7.315709434,0.057286792,12.98754151,3.336696226,2.190979245,6.353758491,excited
Beneath an Evening Sky,Aisha Duo,2005,0.417641648,0.638073376,0.417967347,86.903,-19.744,5,0.545,1,0.441,0,0.592,28.937219,-176.0727295,-46.16959259,-0.805188406,45.30086473,-22.86466345,-11.29693237,3.077901771,-13.55986795,-1.336447665,6.407136876,4.296500805,calm
Better Life,3 Doors Down,2007,NaN,0.840432467,0.64298222,151.8,-4.995,5,0.676,6,0,0,0.106,51.76434845,46.68234845,18.13372784,-13.66618144,-5.316049485,-26.39309485,-3.496525773,-0.199734021,4.641140206,-0.264604124,-0.426527835,-0.156843299,excited
Bite Back,The All-American Rejects,2005,0.557880389,0.840651579,0.582205564,147.998,-5.071,4,0.168,9,0.741,1,0.543,50.61187758,47.67237576,25.90862424,-0.563472727,1.006249697,-21.09011758,8.088746667,7.673347879,-3.003356364,3.190918788,0.314986667,-1.152838788,happy
Blackwood Moth,Milieu,2007,0.401486711,0.565102058,0.360054673,87.003,-13.08,4,0.551,10,0.088,1,0.421,35.95690763,-43.6842506,-3.208805622,63.74686586,9.668490763,12.37757108,28.04884177,-54.34360803,-17.05093414,-41.63166426,2.90366506,-6.255814458,calm
Bleeds In Blue (Album Version),Home Town Hero,2002,0,0.501368343,0.310317337,156.202,-2.863,4,0.881,1,1,1,0.856,52.31052619,-8.564347619,21.28317857,-4.963871429,-15.65055,-16.82253571,-1.904914286,-4.281630952,6.65187381,1.994021429,-1.699457143,-14.3730381,happy
Bloody Pig Pile (Live),Dropkick Murphys,2002,0.528782481,0.79309437,0.568491815,183.808,-5.386,4,0,9,0.008,0,0.254,50.68480602,15.93684448,40.67880268,-2.908852843,-9.098608696,-22.58489632,-0.300777592,-4.275458194,20.43469565,10.57840301,-4.107254181,-7.390444816,excited
Blowin' In the Wind,Ben Sidran,2009,0.22154866,0.599935172,0.356795543,68.479,-17.336,5,0.875,5,1,1,0.878,33.89306993,-96.96214965,-26.28813986,-20.49209231,0.157398601,-10.81131469,-4.986893706,-5.811923077,2.800574825,-7.705285315,-3.792627972,-0.452448951,sad
Boys,Britney Spears feat. Pharrell Williams,2001,0.563246899,0.153605548,0.60725728,106.919,-4.947,4,1,6,0.835,0,0.77,45.48707431,66.73212018,-18.27112661,23.27661009,17.72385413,-2.705565138,-18.84966606,-1.557711927,7.596101835,10.56301009,3.946963303,-0.984974312,excited
Break The Ice,Britney Spears,2007,NaN,0.947327507,0.60725728,130.012,-5.432,4,0.17,0,0.652,1,0.509,47.45625665,26.57352598,-24.15595184,24.80251077,10.64607161,-8.989455006,4.945376109,-6.097436946,4.826907795,6.396064956,5.327682826,0.223233523,excited
Breathless,Lifer,2001,0.664542415,0.49145852,0.381044109,98.513,-6.292,4,0.643,1,0.143,0,0.475,46.62214572,48.49891519,5.477580571,-2.746630686,-47.17026446,-9.74884734,1.883751735,9.83762606,2.898737857,11.68393755,-4.103135698,-8.490363917,angry
Broken Boy Soldier (KCRW Version),The Raconteurs,2006,NaN,0.839021531,0.562834751,128.186,-7.377,1,0.537,4,0.605,0,0.517,45.67872131,-2.400883985,-22.51174527,-9.771337957,-2.509216898,-11.63909584,11.96178184,-5.856732661,20.11399369,4.202702396,-5.046958386,11.36794956,excited
Bullet Frenzy,Elliot Goldenthal,2003,0.394394856,0.599133769,0.392994623,148.505,-13.179,5,1,2,0.746,1,0.707,34.90738155,-53.11356796,11.0395106,-13.50777618,-22.05053242,-22.69545137,2.146905237,-0.555456359,10.637452,2.681061097,-0.966635287,-0.104836035,excited
Bullmoose (LP Version),Bobby Darin,2008,NaN,0.704411407,0.469425908,181.368,-8.774,4,0.35,0,0.904,1,0.713,46.72844866,56.17309163,41.27457188,5.384028436,-7.420314376,-1.920030016,-14.26134281,-9.420227488,7.561423381,9.12492891,-4.885055292,-3.008718799,happy
Burning In The Aftermath,The Suicide Machines,2003,0.528782481,0.668674533,0.467538444,115.887,-2.022,4,0.744,2,0.421,1,0.589,54.27527113,60.07509155,25.89983803,-4.936908451,-18.22547183,-22.23795423,-14.38920423,-0.547440141,4.497165493,6.820232394,1.493823944,2.37706338,angry
Busted,Natalie Cole,2008,NaN,0.69044755,0.507781667,167.697,-7.092,3,1,5,0.554,1,0.501,44.59683929,2.885352679,23.80505506,3.371354167,-13.89545536,11.33101637,3.703675595,-1.990236607,9.776744048,-2.704311012,-6.805590774,-4.746047619,happy
C'est Toujours la MÃªme Histoire,Martha Wainwright,2009,0.597116703,0.704244766,0.497568734,82.124,-11.574,7,0.74,10,0.513,0,0.516,38.60969899,-61.10937531,39.86352267,-7.597337531,25.71193829,-9.524450882,-7.777387909,0.978671285,0.683387909,-0.442225441,-4.417971033,1.059468514,sad
Cadillac Walk (Album Version),Willy DeVille,2009,0,0.613598057,0.377720338,143.592,-5.883,1,0,2,0.82,1,0.638,47.31729776,26.17058827,-3.315156785,-4.797234519,-22.56271476,-18.81260738,3.962951252,-7.029536232,7.635546113,0.850644269,2.749306324,7.881463768,happy
California_ Gracefully,Every Time I Die,2001,0.574693297,0.842423318,0.56485575,93.458,-4.029,1,0,9,0.538,1,0.346,52.87439956,32.75703057,34.53422052,-7.098617904,-17.07715284,-22.12726419,6.648995633,3.590325328,3.178480349,7.868818777,-6.441552402,-8.511779476,angry
Celluloid Heroes,Bon Jovi / Ray Davies,2002,NaN,0.839297678,0.718891456,130.281,-5.158,4,0.283,6,0.896,1,0.688,48.3039897,26.35983867,23.22779519,-3.840070938,11.67049199,-17.15347483,5.302017162,-2.277469108,12.75412471,1.000315789,-1.240284897,11.71651259,happy
Champagne & Reefer,Bongzilla,2005,0.536788886,0.574400789,0.446071584,97.265,-4.627,3,1,9,0.437,1,0.353,52.01346104,-22.7860211,16.42522078,-18.44777273,-36.82940422,-18.49608929,-21.44673377,-7.541050325,27.29735227,4.796147727,-1.814089286,-5.111394481,angry
Changed My Life,Baby Bash / Grimm,2003,NaN,0.833893808,0.602115455,89.478,-5.179,4,0.883,2,0,1,0,43.34392086,31.7058984,-3.012858824,22.27687273,-14.98728128,40.1017861,-5.411575401,-10.67500856,10.45371765,-13.39933904,-7.432771123,13.0835508,calm
Child Of The Night,Damone,2006,0,0.581082685,0.390023847,154.093,-4.272,4,0.453,6,0.289,0,0.48,51.69213816,28.42621546,22.03239803,-9.134521382,-30.81615625,-17.76611678,-7.445440789,3.206465461,6.712912829,0.232888158,-0.242282895,-0.059447368,excited
Church Hangover,George Lopez,2006,NaN,0.668020249,0.516963731,101.455,-16.724,1,0,9,0.022,0,0.073,34.44784175,10.12587961,114.942768,25.50103981,34.82962913,-2.764097087,-13.96556311,2.622670874,-9.721195146,-1.953770874,-1.982239806,2.981181553,happy
Citizen Of The Planet,Simon & Garfunkel,2004,0.419674279,0.796493402,0.510324986,151.5,-13.047,4,0.161,7,0.704,1,0.55,40.36538679,-17.46204852,-22.53956873,-22.95104043,-6.15543531,-11.20437062,-17.30014151,-9.074448787,2.578160377,-0.160687332,-2.865190027,-6.397929919,calm
Climate Control,Uphill Battle,2002,0.396700138,0.46626221,0.369609835,107.329,-6.563,4,0.694,2,0.889,1,0.644,49.31024406,1.942271589,37.04246183,-2.815389237,-23.31689737,-28.65727284,6.584317897,-0.574400501,25.86217146,9.809705882,-1.876239049,1.451576971,angry
Clown,Mariah Carey,2002,0.564258739,0.934935267,0.787005469,120.083,-10.187,7,1,7,0.045,1,0.291,42.41128784,43.07720676,-59.70043378,-30.88010676,40.24879054,-15.67642432,-21.16689865,-1.0631,-23.34022027,0.257444595,-2.272443243,8.072340541,sad
Co Co My My,Poncho Sanchez,2002,NaN,0.577228503,0.373552391,211.806,-12.995,4,0.298,5,0.501,1,0.343,40.66044429,59.63164104,30.92300917,22.62966925,15.60807475,4.570624824,1.561619182,-8.721285614,11.30808604,13.84584344,-3.897661495,2.210075458,happy
Collide,Howie Day,2003,NaN,0.830642317,0.54605418,180.073,-12.316,4,0.882,10,0.598,1,0.637,39.56159322,-51.12392542,-0.359984181,0.363124294,35.18447797,-8.484344633,-14.85063051,-21.40650282,11.24936497,0.02180678,1.485479096,-2.958051977,sad
Come Around (LP Version),Sister Hazel,2003,0.627363448,0.731065756,0.509878708,217.13,-5.09,4,0.326,10,0.799,1,0.569,50.27913963,22.5287969,14.0978237,-8.070928068,-6.383949224,-18.60354161,3.087015515,-4.450131171,0.353688293,-2.635338505,-1.128190409,3.677307475,happy
Come Home With Me,Cam'Ron / Juelz Santana / Jimmy Jones,2002,0.499445835,0.858270678,0.515325301,163.57,-5.104,4,0.772,6,0.659,0,0.506,46.56162651,73.46992289,18.02853896,2.363085944,-12.84317751,-11.70208594,-24.50949317,12.36645221,12.53762249,18.53709237,4.403010442,11.0467253,angry
Comin' Home,ZO2,2007,0.265861049,0.595660905,0.345241137,88.344,-5.802,5,0.307,7,0.18,1,0.298,48.06967721,13.14018539,15.26159978,-10.84945583,-5.730343511,-18.44143621,2.943526718,0.789601963,-1.938428571,-2.244052345,-0.976285714,7.911628135,excited
Comin' Tonight,Martha Wainwright,2008,NaN,0.704244766,0.497568734,117.316,-13.551,4,0.284,9,0.651,1,0.604,37.49146766,-13.73212272,-28.94063184,-20.98652902,-12.66805638,0.437887231,10.3464262,-4.520441128,10.23857877,1.023373134,-8.611533997,6.314630182,happy
Constructing the Absence,Sub Swara,2008,NaN,0.532742443,0.408424888,94.648,-9.822,3,1,7,0.007,1,0.296,39.71848114,-21.79441435,-45.21396846,27.22457947,-11.1624799,-9.790859617,4.101470625,-15.98410761,12.25845145,8.413486704,0.610097093,-10.78198268,excited
Cop It,MIMS,2007,0.529730607,0.796320378,0.524994964,105.393,-4.186,4,0.906,11,0.217,1,0.357,48.97290228,44.83945515,43.26505087,6.107301205,22.13146586,6.659558233,-10.00744177,7.909808568,-3.989168675,10.63103614,-4.750649264,4.36967336,angry
Cutdown,Bongzilla,2005,0.548678056,0.574400789,0.446071584,91.498,-6.407,3,1,11,0.109,1,0.446,48.00260324,-23.47291296,-9.059474696,-15.17030364,-29.4195668,-19.60005972,-6.386815789,-4.648928138,14.62555263,1.068684211,-2.476722672,-6.276052632,angry
Day Old Blues,Kings Of Leon,2004,0.724788814,0.845768866,0.837714709,85.855,-10.831,4,0.429,4,0.702,1,0.598,37.87368592,-45.4968556,10.66505415,-10.6607509,16.37613899,0.052546931,4.885494585,1.004211191,8.174684116,7.901870036,-10.14912455,1.430070397,sad
Daydreaming the Color of Blood,Soilent Green,2001,0.447784051,0.460409667,0.442348448,100.917,-5.958,1,0,2,0.478,1,0.493,50.02526254,83.39673579,-17.28758194,-17.93246656,-29.08359866,-27.93852508,-8.744506689,0.158374582,6.304560201,8.649386288,0.900234114,9.201006689,angry
Deep Sea Creature,Mastodon,2001,0.597640798,0.780461749,0.574274731,173.205,-3.306,5,0.12,5,0.555,1,0.5,52.75699407,57.83432028,31.77840688,-0.294938316,-39.55562633,-26.86427165,1.019390273,3.094856465,7.287772242,7.169720047,4.441188612,10.4211981,angry
Destroy Everything (Album Version),Hatebreed,2006,0.259231544,0.832757431,0.546383748,110.016,-3.08,4,0.981,7,0.115,1,0.485,51.56556063,43.0446558,13.22921904,-5.47546545,-17.5295515,-19.21774707,1.666323338,2.025890482,7.793685789,12.73043546,-4.277975228,-2.255443286,angry
Diamonds From Sierra Leone,Kanye West,2005,NaN,0.877213746,1.082502557,81.53,-5.597,4,0.859,7,0.569,1,0.578,48.70619167,22.36896805,45.18459245,1.474045499,-0.124094869,-6.654979671,-4.581625363,1.605181994,10.73353824,3.316573088,-6.371558567,-3.381470474,excited
Dipset (Santana's Town) (Skit),Juelz Santana / Freekey Zeekey / Monique Garnett,2003,0.38293509,0.822843255,0.531436737,196.482,-19.771,3,0.516,0,0.032,1,0.078,26.01804242,57.98002424,35.93573333,2.892324242,27.88901818,32.23157273,-19.68184242,8.741636364,-13.25154848,8.884806061,-14.83539394,11.6779697,angry
Disease,Dokken,2008,0.460541281,0.769896415,0.458293186,89.019,-5.152,4,1,6,0.09,1,0.513,51.21603729,65.91942203,33.65288814,0.193777966,-23.22936271,-23.92154576,3.070986441,-0.306905085,-0.862167797,3.816910169,0.793925424,7.154418644,angry
Don't let go,Pacha Massive,2006,NaN,0.590818773,0.420945486,105.991,-4.493,4,0.143,11,0.013,0,0.315,47.16110829,23.46146429,-29.44144355,38.01015323,-10.85287097,16.67548963,-4.914059908,-25.783303,13.23335023,-11.90051498,3.185261521,4.058336406,happy
Drifting From Town To Town,Bobby Bland,2006,0,0.57944035,0.390981124,105.927,-10.269,3,1,2,0.592,0,0.43,43.77427858,-105.669343,77.64279388,15.2917343,-3.167847021,7.555544283,-18.96250242,-1.629022544,21.60123188,6.445193237,4.534227053,3.793486312,sad
Drive,Pacha Massive,2007,0.558033229,0.590818773,0.420945486,125.994,-7.761,4,0.023,9,0.378,0,0.332,42.86672214,-54.31580132,-45.75317889,37.84168328,-24.10887683,7.596762463,8.112062317,-25.1496415,21.99763563,-7.527500733,5.869863636,5.453156891,happy
Drugs,At All Cost,2007,0.405115722,0.640860156,0.32220637,100.331,-6.465,7,0.616,3,0.536,0,0.457,43.75740063,-46.75416496,17.61027808,3.775291438,-1.889098979,-15.83002828,-9.428032207,-6.277344855,-2.230246661,-3.893979576,5.329218382,10.65148075,angry
Dump,Mobb Deep featuring Nate Dogg,2004,0.496175336,0.772272161,0.500119335,91.562,-3.813,4,0.429,6,0.635,1,0.585,47.08187528,43.36392022,-11.64721011,-7.257629213,1.441195506,-7.296047191,-12.58981798,10.39705618,-0.781623596,12.12477303,-2.224596629,0.735847191,angry
Easy or Not (Album Version),To My Surprise,2003,NaN,0.480377153,0.355022011,149.654,-2.17,4,0.442,7,0.707,1,0.553,53.3801968,52.1437216,7.4167168,-8.799928,-13.2502784,-23.4386128,-13.016696,-9.8718096,8.3025408,0.912808,1.44196,-2.6600784,excited
Elbow Macaroni (Skit),Tech N9ne,2008,NaN,0.760270106,0.496071347,191.383,-23.923,4,0.637,5,0.325,0,0.438,26.40111656,-97.06184356,111.6177454,35.84297853,42.17804908,38.41182209,-23.55387117,27.65901534,-57.51783742,8.492680982,-3.266168712,-2.098039877,calm
End Of The Age,Becoming The Archetype,2008,0.696230193,0.657826293,0.446170543,85.061,-4.757,4,0.616,2,0.391,0,0.449,49.40141394,31.25390344,11.09300504,-5.463079765,-18.48929975,-21.29361881,2.725440806,-6.393628883,14.00763728,6.171868178,-1.605792611,-7.408895886,angry
Ever Be,Korn,2007,NaN,0.829135422,0.558298348,160.022,-5.912,3,0.719,10,0.439,1,0.383,48.16595238,19.27295882,22.44612098,-0.41979408,-34.67946847,-15.49619048,1.802235521,-6.351751609,12.44415701,2.853640927,0.343136422,3.563975547,angry
Everything Man (Album Version),Talib Kweli,2007,NaN,0.772794404,0.551016443,89.658,-9.577,4,0.476,8,0.104,1,0.344,41.16034183,-30.27755504,-9.410560834,-4.425186559,-18.97241136,-3.844604867,4.265100811,-1.12175898,4.792057937,1.756845886,-6.202725377,-8.614588644,calm
Everytime,Britney Spears,2003,NaN,0.947327507,0.631289508,85.331,-3.738,3,0,0,0.452,0,0.522,50.8815925,26.92014873,4.31314873,2.625668682,1.92014873,-25.74853083,-0.137719468,-7.77728416,8.581666264,8.641593712,2.633968561,-1.443437727,sad
Fat Tuesday,Chris Standring,2003,0.642091038,0.564710159,0.415937641,111.039,-9.339,4,0.63,0,0.847,1,0.744,39.59665136,-18.40519048,-41.04102041,14.77351531,5.724202381,-3.561887755,-1.94782568,-2.08057483,-14.5145051,-8.273131803,4.209038265,-9.320261054,happy
Fingerprints,Minipop,2007,0.673074435,0.612770671,0.372890581,160.051,-4.993,4,0.614,2,0.208,1,0.523,49.14048077,-19.65808242,44.70873352,1.302453297,-4.882299451,-20.54537088,0.496980769,-6.147758242,18.97985165,2.867156593,0.766041209,-6.686788462,sad
Fire,Steve Vai,2001,0.47212112,0.645720023,0.543954417,163.692,-7.856,4,0.183,2,0.434,1,0.462,43.63198467,25.5447611,17.18941082,-1.753075868,-6.809132365,-10.96932203,-12.68400242,5.004423729,1.047331719,2.689874092,1.386930589,6.329717514,excited
Fire and Ice,Outerspace,2004,0.401486711,0.611933956,0.37235087,96.716,-4.974,4,1,7,0.296,1,0.56,49.38516414,2.242979127,71.46684535,14.88602562,-0.246594877,-5.176467742,-15.46622676,-3.470441176,-1.619383302,-2.535965844,3.044524668,-5.707037002,angry
Forever Consumed Oblivion,Goatwhore,2006,0.514753324,0.773271848,0.429689629,110.994,-4.442,4,0,10,0.224,0,0.501,52.64878107,59.11107345,21.70885593,-13.45921186,-37.19932203,-28.94219774,-4.90795339,8.366402542,16.71785452,14.85856638,-0.18760452,4.385107345,angry
Freeze,Pepper,2008,0.540786009,0.765141418,0.471493227,220.104,-5.286,3,1,9,0.517,0,0.525,46.13642298,15.67177652,1.739618687,5.520089646,-16.54816162,-0.627516414,-4.490799242,-0.853031566,19.20131566,8.489387626,-3.285622475,3.261680556,happy
Frustration,Rocket From The Tombs,2002,NaN,0.470615401,0.355646469,164.23,-7.359,1,0,9,0,0,0.007,47.99317251,1.596423181,21.39693261,-9.792703504,-13.79044205,-22.00919946,-14.29349865,7.069973046,-9.429708895,-1.297700809,1.89684097,-10.67792183,excited
Gallows (Album Version),Atreyu,2009,NaN,0.821844255,0.592439486,138.536,-3.639,4,0.547,5,0.118,0,0.256,51.92273413,55.74823214,24.00486706,-10.03903373,-17.94056944,-27.8345496,0.412668651,3.399829365,2.291462302,5.59447619,0.228535714,-0.31580754,angry
Geek USA (Album Version),Between The Buried And Me,2006,0.588385843,0.840590438,0.546545162,126.773,-5.094,4,0.57,6,0.491,1,0.395,50.55079663,34.58154373,-3.971320337,-12.9261412,-17.96704426,-26.98470917,-17.62569652,-7.550211802,6.624578504,-1.703997893,7.029323498,14.39976502,excited
Genius Of Love 2002 (featuring Tom Tom Club & Biz Markie),X-ecutioners featuring Tom Tom Club & Biz Markie,2001,0.518759898,0.619260605,0.416935872,102.643,-5.438,4,1,0,0,0,0,44.25765557,25.2101411,-29.65837599,1.25639702,-17.44399562,17.82613497,-4.2306617,9.111787029,-1.793909728,2.789631902,-4.385647677,0.481483786,happy
Get It Poppin' [Featuring Nelly]  (Album Version - Exp. Version) [Serban Main 4/20/05],Fat Joe,2005,NaN,0.822908534,0.572027854,100.783,-7.239,4,1,5,0.246,1,0.371,43.42335048,51.84113719,17.58873633,21.61907395,26.89328617,19.55200429,-4.980888532,6.053923901,-0.904620579,12.02341908,-8.004572347,4.43556806,excited
Going Back To New Orleans,Poncho Sanchez,2001,NaN,0.577228503,0.373552391,198.855,-7.151,7,0.441,2,0.389,1,0.403,46.48301992,-12.8134255,23.84615777,8.736539442,9.238,-6.054449402,6.121542629,1.931408765,4.02141753,1.411929084,1.343253386,9.445513944,happy
Gone,Frankie J,2005,0.522733261,0.761357312,0.42337641,117.844,-6.728,4,1,4,0,0,0.17,42.85544584,43.05502965,-41.405439,-11.71109008,16.30314025,-15.60067845,-13.74434664,-12.01634436,5.038904219,-0.203641961,1.277350057,2.419245154,calm
Good Day,Britt Nicole,2007,0.521659258,0.669500125,0.544446277,132.021,-3.092,4,0.458,1,0.646,1,0.43,51.20034914,59.26824901,25.51193939,6.826824769,10.87477207,-11.22793017,-0.130196311,5.476372859,2.726214756,9.803092227,-2.345097497,-3.105475626,happy
Good Enough,Evanescence,2006,0.73897068,0.920959645,0.705757553,91.371,-12.527,4,0.934,0,0.806,1,0.505,40.2255905,-64.97240308,38.81775225,-9.8716457,19.49675225,-17.05443004,-18.01113222,-1.438920411,-6.830545571,-7.495369705,2.898296534,11.00984596,sad
Goons Lurkin (Instrumental Album Version),Plies,2007,NaN,0.919517092,0.547940429,110.933,-9.545,4,1,9,0.755,1,0.598,43.96482899,47.75954203,-38.92548599,-9.637901449,10.09658551,-25.92287053,22.46614783,2.738390338,5.954791304,5.313315942,-4.347297585,-10.1686657,angry
Got It Twisted,Mobb Deep,2004,0.662826893,0.772272161,0.500119335,103.433,-5.627,4,1,6,0.113,0,0.233,46.39607692,53.97510218,6.425986223,-2.49167853,5.561608496,-1.206925373,-11.93511251,1.574297359,0.852566016,7.322551091,-6.88356946,-2.09263031,angry
Got To Find My Little Woman,Blind Boy Fuller,2005,0,0.541231189,0.360170271,87.899,-14.243,4,0.086,10,0.639,1,0.511,37.74700806,-18.74624355,26.51105645,6.139162903,22.91832581,18.17987258,-17.69282258,4.418641935,-2.108237097,-2.930120968,2.849532258,17.64696935,calm
Got To Let You Go,Kim Wilson,2001,0.377531645,0.459810163,0.328997859,163.085,-11.96,4,0.592,3,0,1,0.171,42.60570292,-70.98423305,39.00363559,-6.078155367,8.923149718,-5.15134887,-20.3615838,0.525868644,14.59911111,3.001359699,-2.323900659,-12.54107345,happy
Gotta Cut Out,Jimmy McCracklin,2002,0.262308997,0.42429413,0.327239606,101.241,-8.441,4,0.819,2,0.397,0,0.161,45.89368522,-87.31359826,62.30191826,13.91948174,9.183314783,7.868535652,0.17601913,-6.141535652,14.44360174,-0.669556522,-1.017309565,7.27946087,happy
Greatest X,Janet Jackson,2008,NaN,0.803836826,0.58257534,114.024,-7.006,4,1,1,0.613,1,0.615,44.73970049,28.27996749,-18.66459901,-6.849147783,21.19846404,-19.45855961,-7.257012808,-10.9677931,-8.573099507,-0.68737931,0.695026601,-4.442737931,sad
Grey Skies Turn Blue,MxPx,2004,0.645543023,0.763010513,0.537675628,87.779,-3.861,4,0.396,11,0.473,1,0.577,52.13119926,48.22078229,17.13882288,-6.543001845,-35.25893173,-16.40472694,-14.34610332,1.440472325,10.72644465,4.403833948,1.558693727,8.950614391,happy
Guajira Y Ven,Willie Colon,2001,NaN,0.621629436,0.51912008,128.444,-7.818,1,0,0,0.58,0,0.467,44.03547311,-7.028205105,30.38917138,16.68111121,-17.70696992,17.14372288,-2.253937101,-4.069588879,10.6127247,6.683505925,-3.91309845,-1.582684594,excited
Happy Valentine's Day,OutKast,2003,NaN,0.796419553,0.574497026,100.026,-4.018,4,1,7,0.371,1,0.554,46.69633997,66.47348646,39.76664889,46.18205414,6.610347134,3.60507086,1.840589968,7.397632962,2.539511943,6.499949045,0.444324841,-4.825410828,excited
Hard Times,Eastmountainsouth,2003,0.733990879,0.583290824,0.385998326,125.986,-8.843,4,0.281,6,0.08,1,0.422,43.93156068,-27.4661106,11.70124578,-9.830517665,20.30101075,-10.36433641,-2.953866359,-9.273384025,-5.203043011,-13.21245469,-0.658758833,11.82870814,sad
Harder To Breathe,Maroon 5,2002,0.979837196,0.905477001,0.843380274,149.917,-4.757,4,0.791,1,0.65,0,0.575,48.94698093,23.58213624,8.787133515,3.421213896,16.4136485,-4.369356948,-6.319723433,-4.14236376,9.581179837,4.26373842,1.395415531,-0.331449591,happy
Head Over Heels,Sylvia Tosun,2004,NaN,0.525869437,0.435127195,127.968,-6.319,4,0.673,8,0.328,1,0.433,46.54311041,17.38575662,-14.54020187,19.35612575,10.032966,-14.63145427,8.456745187,1.688198255,-4.133574007,3.967471721,9.241572503,-2.820474128,excited
Headsprung,LL Cool J,2004,NaN,0.749217793,0.544321915,99.914,-7.553,4,1,10,0.006,1,0.33,45.39290102,-6.335278571,-9.596903061,9.613834694,-30.17205714,4.914817347,12.66481837,15.45219082,26.31570612,3.791689796,-3.102393878,7.982565306,excited
Heartburn,Alicia Keys,2003,0.684472942,0.933916106,0.778673579,105.775,-9.74,4,0.986,1,0.477,1,0.354,40.9994239,-2.235820768,-7.906842105,-7.423355619,-5.03428734,-7.889136558,4.401260313,8.326456615,9.548046942,8.359883357,-5.949789474,-8.634880512,happy
High Horse,Daniel Johnston,2009,0.646151234,0.713322147,0.473613189,128.022,-8.208,4,0.431,0,1,1,0.845,47.57308846,0.412705769,50.31679808,9.021203846,-30.79916538,-15.58679231,21.87406923,-2.665392308,3.530332692,-5.4093,1.866076923,2.699588462,happy
Hope  (Edited Album Version),Twista Featuring Cee-Lo,2004,0.327736683,0.889613555,0.593808365,106.967,-5.126,4,0.643,11,0.334,1,0.451,46.87626575,-12.52774962,-21.72345929,6.303986943,11.83883717,6.929195853,3.211793395,-2.12288172,-11.23556528,2.183115207,-6.613498464,2.567735023,happy
Hope For The Fallen,Call To Preserve,2008,0.496795817,0.634764556,0.423976263,158.018,-1.672,1,0,5,0.281,0,0.305,54.00939675,48.86325854,30.9677252,-0.036294309,-19.38191545,-29.34525203,8.760343089,0.27959187,18.74103415,11.82424715,-0.891674797,1.95403252,angry
How Bad Do You Want It,Mark Wills,2003,0.503381236,0.679789024,0.483035298,96.071,-5.849,4,0,2,1,1,0.921,48.84106119,16.111657,25.83536232,1.038703704,-3.121417069,-11.91413043,1.625974235,-4.372075684,-3.538780998,-4.622096618,0.27642029,-5.354808374,happy
Hum Drum,Terror Squad / Remy / Prospect / Armageddon,2004,0.473346541,0.62136191,0.395073819,181.3,-5.511,7,1,11,0.041,0,0.334,46.54469769,22.25285832,4.396175453,-1.462644152,1.661817133,10.06239868,-7.654905272,-2.204079901,6.369109555,3.117469522,-6.558910214,0.332729819,angry
Hungry People,Otis Taylor,2001,0.542084763,0.590792957,0.394884438,84.56,-10.432,7,0.747,0,0.808,1,0.559,39.00290196,-30.32580477,-59.29314152,-15.74672208,-8.825077579,-4.76174254,-24.72016795,-20.20190708,3.478364024,-1.296236999,3.296712702,13.71039898,calm
Hunter,30 Seconds To Mars,2005,0.792042603,0.909324834,0.677087547,106.525,-10.807,3,1,10,0.226,1,0.159,40.94107823,-14.3248115,-43.90234684,-8.74770688,-9.053734213,-34.52176626,8.63168049,1.938273327,8.422473139,5.32033082,4.975976437,-4.049803959,excited
I Am Fred Astaire (Album Version),Taking Back Sunday,2004,0.672441214,0.911599657,0.57237398,147.745,-4.495,4,1,7,0.795,1,0.708,50.55345068,25.0768726,30.56548356,1.902342466,-22.72546575,-24.14019863,-3.043205479,-0.537743836,14.08903836,4.678161644,1.56049863,-6.681009589,excited
I Can't Rest,Fontella Bass,2006,0.547952942,0.558916244,0.392579878,124.826,-6.754,4,0.518,7,0.517,1,0.542,47.40441195,24.19262843,68.49108078,14.18398546,8.242505654,-6.627786753,-4.878899838,-6.649429725,17.64522456,1.662137318,-1.33979483,-0.258285945,happy
I Can't Stand It,Sam Baker,2005,0,0.688332484,0.341512969,111.852,-14.849,4,1,8,0.064,1,0.521,39.150749,-88.97617871,75.88828916,21.84767068,-67.42588554,5.046126506,14.15883534,1.606281124,8.251648594,1.912803213,2.282251004,-7.139514056,happy
I Constantly Thank God For Esteban (Album Version),Panic! At The Disco,2005,0.727889463,0.842368944,0.604655128,167.011,-5.72,4,0,7,0.692,0,0.58,46.90908876,21.10302012,-15.66031716,-10.27638935,5.151804734,-13.05203669,-7.053429586,-5.155202367,1.79495858,9.783712426,0.021784615,4.580960947,excited
I Don't Want To Hear Any More,Eagles,2007,0.567656587,0.76702021,0.68198776,92.186,-6.182,4,0.468,5,0.449,1,0.359,46.84587961,-20.13998894,-5.46845086,2.144539312,-6.146669533,-11.35255037,3.355782555,-13.4747285,8.781164619,-3.610512285,1.915438575,-1.895891892,sad
I Want You (Album Version),Faith Hill,2005,0.454192988,0.882111591,0.670106173,119.06,-9.695,4,1,0,0.621,1,0.609,39.12768814,-21.20487014,-41.11802658,-18.14596115,20.64150204,-19.80893865,5.799898773,-10.44148569,-1.727352761,-4.565770961,-2.294833333,-4.156494888,happy
I Will Always Love You,Deborah Allen,2005,0.265861049,0.510798011,0.352235517,67.904,-11.156,4,0.655,6,0.755,1,0.726,38.29901282,-36.09424872,8.687846154,-7.827725641,9.695192308,-7.721551282,-8.3719,-7.528212821,14.02218974,-1.747276923,-1.88054359,8.115615385,sad
I'll Be Glad,Elvin Bishop,2005,0.334706549,0.558475816,0.40788797,100.173,-4.559,4,1,0,0.816,1,0.781,49.6522035,5.630764706,24.9212027,4.491531797,-3.731508744,7.329385533,-11.78894197,-5.322040541,1.065131955,-5.415837043,-1.948521463,3.261158983,happy
I'll Come Running,Connie Smith,2001,0.427446571,0.496794628,0.365260893,124.916,-9.089,4,0,4,0.036,0,0.366,45.97782489,-2.299957806,36.57457384,1.672609705,3.136316456,-6.807987342,7.61564135,1.28885654,-4.101816456,-6.98735654,-1.304835443,8.681236287,happy
If I Ruled The World,Regina Belle,2004,NaN,0.566024302,0.384601686,67.745,-10.72,4,0,0,0.416,1,0.471,38.12390946,-30.56587223,-20.71141851,-10.55819416,17.98945775,-2.433848089,-11.19680584,-4.887270624,9.744257545,-1.545142857,-7.063114688,-1.506813883,sad
If You Love Me,Becky Baeling,2003,NaN,0.506933336,0.33485127,132.892,-5.963,4,0.398,7,0.447,1,0.508,48.14415342,26.84989372,6.313072089,10.73855453,10.22962107,-19.73196118,1.679358595,-0.860348429,-0.933292052,7.763798521,6.174787431,-0.736159889,excited
In Da House Skit,50 Cent,2007,NaN,0.88348708,0.588649959,152.227,-13.102,1,0.091,10,0.743,0,0.687,40.71742105,55.70627368,64.70549474,-0.875768421,26.683,0.272368421,-13.64773684,-1.511757895,-13.21786316,-2.451073684,-6.616978947,-1.739705263,excited
In My Hood (Explicit Album Version),Fabolous,2004,0.670675085,0.571681627,0.54000775,90.086,-4.636,4,1,1,0.6,1,0.434,45.05881363,23.89065401,-11.68609318,14.46100604,-3.151767041,11.05614409,-7.907803279,-8.720916307,7.951515099,7.192868852,-8.132471096,8.020452977,calm
In This Legacy,Monty Are I,2006,0.662493161,0.702077834,0.330820071,189.917,-4.654,4,0.297,8,0.452,0,0.498,49.66317312,39.90956295,22.17402421,-5.364893462,-24.51114407,-20.41756174,-5.588731235,-0.098570218,6.125515738,10.89046852,0.539693705,0.968590799,angry
Inertiatic Esp,The Mars Volta,2003,0.928616842,0.867258942,0.547764111,112.486,-3.952,4,0.529,6,0.501,0,0.612,49.50912516,32.82874842,45.81036283,-3.620548673,-17.26777876,-15.97708217,-7.360896334,-1.119903919,1.062978508,0.85726043,0.961541087,-0.284606827,excited
Inherent Scars,Symphony in Peril,2005,0.507669472,0.610632338,0.398729456,100.034,-6.776,4,1,9,0.871,1,0.704,46.0693165,-13.98934757,-14.15843883,-9.853256311,-26.66838447,-15.92913592,-12.47631845,2.113953398,6.107481553,1.962434951,-2.805933981,1.342330097,angry
Into The Mouth Of Hell We March [Explicit],Trivium,2008,NaN,0.847754656,0.494206855,141.813,-3.18,4,0.405,4,0.414,0,0.331,52.27015767,56.6291602,19.30383558,-5.203868465,-30.68871501,-29.41937184,3.875639966,-3.597007589,10.53062732,9.355026981,0.848403035,-2.994248735,angry
Intro,Bizzy Bone Presents,2004,0.340922756,0.754180833,0.476254162,81.901,-7.837,4,0,4,0.222,0,0.275,46.8665,79.09484404,-14.03243578,1.543880734,-16.01301835,-13.76953211,-2.472605505,-16.95270642,10.12092661,1.932963303,-1.503220183,6.792642202,calm
Intro,Papoose,2006,0.392008771,0.772471313,0.440407444,95.147,-10.951,1,0,1,0.494,0,0.201,37.29841916,49.54920359,43.54958683,3.598329341,47.00150299,46.57374251,-32.6352994,-6.783383234,-31.96714371,5.916083832,-10.67390419,17.24877844,angry
Intro,Styles P,2002,0.535953802,0.743792498,0.472670741,93.412,-11.895,3,0.949,6,0.36,0,0.371,41.79182828,56.75230303,-15.58313805,-20.56644781,0.402949495,-15.89062963,-16.73617845,4.395393939,18.30767003,17.00418855,-8.983838384,-17.83370707,angry
Introduction (Album Version),Fort Minor,2005,0.702023635,0.799689798,0.54441459,122.843,-14.866,5,0.833,5,0.615,1,0.428,36.50543165,-24.94099281,73.0673741,5.008402878,-3.583302158,-10.42379137,-29.00128058,-7.140920863,-14.42915827,-8.695230216,7.561776978,13.93289928,excited
Irresistible,Jessica Simpson featuring Lil Bow Wow,2001,NaN,0.772518285,0.578790799,93.08,-6.288,4,0.88,1,0.73,0,0.49,45.59813836,29.07961417,1.526268841,8.694610799,7.511308211,-7.180856018,4.504732283,-2.130698538,1.807183352,3.641930259,-1.641794151,-2.863204724,happy
Isolate,ZO2,2007,0.405115722,0.595660905,0.345241137,150.715,-4.098,4,0.722,7,0.083,1,0.303,51.70214776,74.49746269,20.75849851,-7.250537313,-12.34614179,-25.12374627,0.712534328,-1.743755224,13.49779403,5.744002985,-0.475213433,10.96152239,angry
It Won't Be Long Now,Frank Stokes,2005,NaN,0.428252654,0.351023682,94.73,-19.27,4,0.798,1,0.051,1,0.506,33.31903397,-95.08653176,-49.79763516,-36.75619941,-23.28128065,-4.628177253,-25.75293648,15.19685377,0.643856721,16.20072526,-1.478918759,5.524406204,sad
Jack's Lament,The All American Rejects,2008,0.620458374,0.840651579,0.614973974,109.697,-9.322,5,0.76,2,0,0,0.13,44.31696182,-15.91615818,25.92307636,-11.71146909,8.937483636,-2.12544,-24.08250727,-5.776847273,-4.417585455,-4.764941818,-1.293398182,7.863427273,sad
Janice's Party,Fountains Of Wayne,2005,0.468997788,0.717762702,0.532266186,134.289,-5.094,4,0,9,0.086,1,0.496,49.18266598,31.26091909,7.964782158,-6.678991701,2.220153527,-21.13882365,-6.050740664,2.652896266,13.81946058,2.919165975,-0.697659751,-6.41876556,happy
Just Want To See Ya,Pacha Massive,2009,0.319686859,0.590818773,0.420945486,140.025,-8.948,4,0.579,0,0.328,0,0.357,39.77992546,-49.07152178,-48.83387706,3.465205227,7.724758955,6.732468538,6.793593417,-2.420246854,4.331452081,-6.657717328,-1.961867377,7.205929332,calm
Kettle Black,BLEED THE SKY,2008,0.457447167,0.646815253,0.433173023,116.064,-5.992,4,0.247,1,0.033,0,0.347,50.31642334,79.15702962,10.28217422,-12.69106794,-30.38311847,-23.56686237,-7.808865854,-0.095134146,13.9102439,8.522444251,0.197770035,15.68767247,angry
Kickstart My Heart (Album Version),Between The Buried And Me,2006,0.769201429,0.840590438,0.546545162,89.485,-5.493,4,0.801,4,0.772,0,0.617,49.94853902,20.82478044,10.96009469,-9.756639958,-12.36139022,-21.1390281,-3.685895942,-3.682478668,17.11472841,3.788813736,1.260828304,11.39319979,angry
Kids In the Store,George Lopez,2003,NaN,0.668020249,0.516963731,83.883,-15.336,1,0.568,5,0.253,1,0.352,37.037733,3.334180296,87.77386502,17.37322167,39.69863054,3.371210837,-17.33625714,1.961141872,-14.72955074,-3.89493399,-3.281553695,2.435123153,happy
Kids Of Tragedy,Suzi Quatro,2004,0.375984302,0.627361447,0.406642649,124.519,-11.38,4,1,4,1,1,0.782,43.4138588,14.23697674,22.71028571,-8.488119601,-26.0360598,-10.98726744,13.14745349,4.207536545,-0.826184385,4.570194352,-7.75791196,-7.66442691,sad
Kill Miss America (Album Version),Murderdolls,2002,0.640779216,0.655995345,0.436329934,195.317,-4.063,1,0,9,0.198,1,0.313,51.22181557,96.40812521,43.26897462,5.248808799,-58.12655668,-17.3701912,-12.07889002,-2.215962775,21.83439255,15.09752115,0.878862944,0.177416244,angry
Killing Machine,Aiden,2009,0.715511707,0.773491324,0.500459151,207.974,-4.459,4,0,2,0,0,0.242,50.24629982,29.07434918,25.68152651,-1.029511883,-13.41426143,-22.4259415,0.113575868,1.814073126,7.31338574,3.649129799,2.245254113,0.664142596,angry
Knocked Up,Kings Of Leon,2007,NaN,0.845768866,0.788805935,114.73,-7.714,4,0.572,9,0,1,0,47.91839295,-9.404130435,30.94930271,-3.272509434,-45.72722067,-18.71338638,16.54706317,-4.794205906,-4.223433962,-6.436251025,2.411853158,4.613180476,excited
Lesson Learned,Alice In Chains,2009,0.824432869,0.796337059,0.582921576,107.845,-3.91,4,1,10,0.346,0,0.422,52.83436692,35.38332129,35.11715209,-5.412547529,-32.34791065,-23.82631939,4.395492395,-0.564788973,6.253437262,2.490758555,0.489903042,0.542123574,sad
Little Drummer Boy,The Almost,2008,0.569505199,0.829851316,0.581505803,163.975,-7.387,4,1,7,0.433,1,0.351,44.83068714,7.526528571,-19.58416286,-3.391791429,-5.814135714,-11.42385286,2.945015714,-1.19773,11.80621143,-0.385377143,1.66424,5.458007143,happy
Long Live The Party,Andrew W.K.,2003,0.635417856,0.698532477,0.509456001,191.144,-4.008,4,0.474,4,0.209,1,0.296,51.73903433,22.60965665,32.62199714,-1.546773963,-13.93182833,-19.24242775,6.347638054,-0.975015737,9.162228898,5.597769671,-0.71844206,1.371638054,excited
Long Way 2 Go (Album Version),Cassie,2006,NaN,0.821121431,0.476803354,52.711,-8.081,4,0.774,8,0.319,1,0.465,47.21132709,21.06025,28.91082819,6.200753304,-13.76795374,-11.80548568,-3.458006608,-3.427051762,-0.640422907,5.458185022,-4.749349119,-0.297502203,happy
Look Up At The Stars And You're Gone,Evergreen Terrace,2001,0.510962044,0.825192029,0.529165902,112.421,-4.732,1,0,7,0.585,1,0.639,47.99822378,43.09632168,24.53177448,2.615052448,-28.22243881,-18.59219056,-14.0467465,7.921727273,4.700090909,6.413968531,2.87258042,0.709965035,angry
Lost,Roger Sanchez,2006,NaN,0.71867235,0.451648407,127.929,-11.049,5,1,7,0.276,0,0.172,41.03792507,37.50081333,-66.40110544,21.45598906,-6.039685676,-35.11119562,10.32140716,14.3836691,8.79036439,14.13593966,-1.000550066,-7.288352785,excited
Louise,Willy DeVille,2008,0.299877488,0.613598057,0.377720338,60.646,-8.975,1,0,7,0.943,1,0.682,44.24794778,-87.01979589,50.41468987,1.263276899,-10.29740506,-3.36802057,8.787063291,-6.406708861,-5.424889241,-11.87607437,-2.246174051,0.179988924,calm
Love Thing,Bebe Winans,2002,0.304169503,0.600195393,0.48818139,161.405,-10.486,4,0.692,1,0,1,0.296,40.76822308,10.03518429,-18.36457129,-13.52250533,-4.436469447,-8.942478177,-21.41974782,-3.973987391,-7.262345296,-2.523984481,0.547736178,15.39509311,calm
Lullaby,Dixie Chicks,2006,0.865831829,0.827409365,0.576902281,109.74,-12.749,4,0,5,0.458,1,0.409,38.091481,-49.73954506,-23.01292182,-15.37494788,-10.20460261,-6.154067318,2.440606949,-14.51195874,-2.386282302,-5.285947883,-2.64194354,11.7112215,calm
Mai,Loudermilk,2002,0.319565987,0.472468368,0.31318008,112.398,-6.564,4,1,6,0.278,1,0.392,46.57734795,12.73385997,14.26202687,-12.90835078,-37.67950919,-18.17578784,-1.682930693,-1.991630835,14.27503253,4.040554455,-1.957338048,-2.149468175,angry
Mas P**' (America'S Mexican),George Lopez,2007,NaN,0.668020249,0.516963731,120.492,-8.874,3,0.337,6,0.056,1,0.319,43.35404334,-6.451361863,112.6413651,25.53035536,31.71476381,1.931859155,-12.62982232,-3.366801733,-0.353833153,-5.066408451,-1.193617551,2.194293608,happy
Mean Machine (Remastered LP Version),Sugar Ray,2005,0.563246899,0.718400769,0.47251295,92.299,-4.068,4,0.028,11,0.258,0,0.515,52.27131,44.240056,28.682336,1.512868,-13.334278,-15.476916,3.587804,8.159586,7.737044,10.441766,-2.905974,-5.389358,angry
Meathead (Album Version) (Non-PA),Story Of The Year,2005,0.624180159,0.806762596,0.580095045,209.695,-4.219,4,0.493,10,0.059,1,0.415,51.79042072,25.15039535,18.71075476,-10.23004017,-25.33315011,-25.61130867,-5.816194503,-3.958902748,11.45751797,11.28360888,-0.115676533,-2.317801268,angry
Medicate Myself,The Verve Pipe,2001,0.466304831,0.70334944,0.498395338,133.306,-4.953,4,0.338,9,0.295,1,0.196,48.00014773,29.02344444,28.58992298,-1.395819444,-20.15433081,-13.08124116,3.95507197,-0.324238636,3.422883838,4.625580808,-2.902498737,2.062051768,sad
Medicine,Bobaflex,2005,0.637016452,0.588781959,0.415408952,104.08,-4.515,4,1,5,0.129,0,0.463,50.20955916,30.4819771,28.73562977,0.549877863,-9.885225191,-10.86112023,4.879770992,0.471085878,-0.322650763,9.679471374,-6.175517176,-2.973083969,angry
Memories,George Lopez,2001,NaN,0.668020249,0.516963731,118.06,-16.016,1,0.407,7,0.286,1,0.308,37.23376094,-7.228449495,116.0711886,25.86361785,47.32275758,0.312060606,-4.324986532,5.133712121,-6.578728956,3.993959596,-6.131367003,-8.031611111,happy
Memphis Jug,Memphis Jug Band,2001,NaN,0.506126774,0.350787891,141.185,-17.186,4,0,2,0,0,0.064,36.26136378,-82.33710394,8.803656693,-16.62016378,-26.31750394,9.271004724,-37.82656378,9.182812598,-8.664133858,8.509541732,-1.689472441,7.417817323,sad
Mill Creek,Darden Smith,2004,0.249065795,0.485855596,0.362960597,120.049,-14.18,4,0.455,0,0.166,1,0.463,37.09133333,-55.80014363,-60.66994986,-19.82272358,-22.0574607,-4.987631436,19.40564634,-3.149903794,-2.808134146,-5.019132791,-5.520985095,17.0487561,sad
Moving Mountains,Usher,2008,NaN,0.856448924,0.851233891,126.955,-5.692,5,1,11,0.294,1,0.233,48.42629333,74.59544733,-22.09071267,9.563499333,-7.857192,-10.46859733,-7.29193,0.195926,14.74836133,14.173974,0.47028,-6.002950667,sad
Murphy Lee,Murphy Lee / Zee,2003,0,0.605703302,0.42959192,92.043,-4.936,4,1,1,0.317,0,0.333,44.94597248,61.16181401,15.50170392,13.92624103,15.9290025,22.78655379,-18.58917932,-0.328910759,6.516089241,7.436114262,-6.990495413,0.680500417,excited
My FoFo  (Album Version - Amended),Fat Joe,2005,0.485296593,0.822908534,0.572027854,80.865,-7.004,4,1,2,0.249,1,0.436,45.78804818,73.38887906,5.514528024,-0.898235988,-18.24004228,0.969914454,-4.991033432,-1.870314651,5.284441495,8.68985939,-8.429086529,7.808328417,angry
My Heart's Desire,Kane,2004,NaN,0.58893851,0.377961532,120.611,-13.869,4,0.226,9,0.745,0,0.695,36.62972808,0.190080238,14.39776672,-7.052395245,-3.021210996,-2.17492422,-5.422294205,-6.690625557,-8.609221397,-3.250430906,-0.66173997,11.8363997,calm
Nevada's Grace (Album Version),Atreyu,2004,0.828087509,0.821844255,0.592439486,128.639,-5.512,4,0.169,8,0.236,1,0.441,49.48856916,40.25577211,17.79070181,1.933027211,-33.5434263,-24.25772109,3.60447619,-3.942024943,15.49012472,10.74377211,3.95435941,13.84694785,angry
Never Be Ready,Mat Kearney,2009,0.642859589,0.774798919,0.543958211,151.936,-6.81,4,0.325,11,0.563,1,0.589,47.70971787,-9.854694239,19.60401329,-7.185516987,3.968988183,-11.60658936,0.859156573,-6.173497784,1.482125554,-7.72594387,-0.964516987,-1.796564254,calm
Never Forget Me,Bone Thugs-N-Harmony / Akon,2007,0.557880389,0.81592342,0.555138322,154.09,-6.933,4,0.625,1,0.529,1,0.317,45.94469929,21.30348589,-7.618263668,-9.578710758,7.238944444,-7.357045855,12.80479541,7.082279541,-2.575508818,4.090968254,-8.268729277,-3.496399471,sad
New Friend Request (Amended Version),Gym Class Heroes,2006,0.494469709,0.906619152,0.563403566,91.97,-4.952,4,1,1,0.611,1,0.22,47.89534858,49.08796066,-24.58217932,-13.96190942,-8.611872827,-11.41775389,-5.379426349,8.110447392,1.278770357,10.95041171,-5.26884538,2.021301921,excited
New Meaning,Mudhoney,2008,NaN,0.672680593,0.476389109,145.179,-6.077,1,0,0,0,1,0.036,49.9085203,28.53859391,41.01395178,-1.239845178,-33.97496701,-22.05060914,11.81275635,8.735027919,1.112799492,3.722774112,-0.70706599,-7.15514467,angry
Night Time,Suicide,2004,0.266955186,0.710269167,0.394908897,185.46,-5.537,3,1,0,1,1,0.75,50.03805301,132.4588307,-33.30548497,-31.85276899,27.71469937,-25.52979035,-2.470760285,-3.782155063,21.58566139,12.98812263,-2.376702532,41.02943196,sad
Now And Forever,Call To Preserve,2006,0.407974652,0.634764556,0.423976263,189.824,-4.829,4,1,2,0,1,0,49.21518914,74.42255618,-3.492342697,-9.787764045,-35.61857116,-21.32822097,0.300895131,9.538299625,7.1075,11.95832584,-2.465694757,4.699140449,angry
Old Hobo,Furry Lewis,2003,0.494489518,0.572500601,0.368054039,146.569,-8.032,4,0.449,10,0.074,0,0.366,43.73910845,-37.37519798,-24.4152686,-26.33676545,-5.051432535,4.309465322,-30.77505044,-8.52238966,-9.650308953,-7.173728878,0.279904161,13.50249685,calm
One Person At A Time,Jonny Lang,2006,0.636381565,0.698969925,0.486783025,111.266,-6.825,4,0.766,7,0.729,1,0.454,44.57889922,22.13820155,-7.448291473,-1.222542636,6.51815969,2.006271318,-13.65046667,0.896376744,7.136843411,8.616258915,-2.19575969,-0.91143876,happy
One of Us,Bottom Of The Hudson,2005,0.215080319,0.498758408,0.358423586,106.14,-7.474,1,0,3,0.642,1,0.49,46.70856324,-36.77032206,-6.011572059,2.331779412,-18.87687794,7.540492647,-3.209097059,-15.27410147,1.314142647,-13.9041,-7.520975,-7.893469118,calm
One the road (to Damnation),It Dies Today,2006,NaN,0.772230439,0.511576783,98.377,-4.027,3,0.991,11,0.06,1,0.396,52.58188707,61.02556792,22.03520786,-11.24313912,-35.97846972,-23.73773322,2.836163666,6.410477905,4.581461538,10.12069394,-2.616191489,2.976782324,angry
Only For The Young,George Lopez,2009,NaN,0.668020249,0.516963731,75.467,-8.832,5,0.724,4,0.604,1,0.383,41.46901312,32.77227997,121.9853106,29.97210061,35.28573666,1.474350831,-11.38153893,0.423291339,-10.04818898,-1.108468066,-2.333505687,3.225233596,happy
Only One You,T.G. Sheppard,2002,NaN,0.449323615,0.343281882,96.027,-14.301,3,0,11,0.294,0,0.421,36.96418769,-25.60433385,-10.42716769,-2.9816,1.414073846,4.813846154,-6.554438462,1.802376923,17.72677538,-0.39526,-1.800244615,8.659372308,happy
Outro,Through the Eyes of the Dead,2005,0.603030145,0.740968894,0.455478441,97.802,-31.982,3,1,1,0,1,0,20.5582139,-85.39479144,-86.33298396,-26.64492513,-50.41421925,-44.83279144,36.49909091,15.10450802,-8.663502674,6.721839572,-8.720320856,-15.91410695,calm
Outta Control,50 Cent / Mobb Deep,2005,NaN,0.883487085,0.588649959,91.981,-5.804,4,1,11,0.443,1,0.512,43.07772428,57.12099383,-23.39840638,-4.085356996,5.069069959,-4.591409465,3.62768107,-1.000313786,-14.09236523,2.203553498,-0.244675926,5.669175926,calm
Overdrive,Foo Fighters,2002,0.68731164,0.839275393,0.550762085,157.739,-2.512,4,0.224,2,0.886,1,0.678,53.55215087,44.25511215,29.20288385,-0.075214953,-12.26040587,-22.91901869,6.011659546,-5.197911883,0.719186916,-2.06647263,-0.834052069,-3.055105474,excited
Pants_ Meet Shit,Daughters,2003,0.554793212,0.676869597,0.384133614,80.992,-4.271,1,0,9,0.275,1,0.364,50.91740385,57.81730128,32.46926923,-3.063198718,-25.92077564,-14.45334615,4.315352564,5.292647436,-0.793724359,1.375301282,-4.107916667,-7.718371795,angry
Parasitic Twins,The Dillinger Escape Plan,2010,0.672836061,0.839962768,0.541888972,120.085,-6.991,4,0,8,0.001,0,0.063,45.81078434,19.06413864,-8.514223363,-11.93515661,-1.138603338,-21.15597433,-9.135997433,-10.94465982,6.650896021,-2.158776637,1.507379974,7.91401027,calm
Pick Me Up On Your Way Down,Martina McBride,2005,0.38293509,0.614870934,0.628246419,131.074,-6.94,4,0.009,0,0.899,1,0.724,46.59387478,-0.282968254,16.43746032,-1.305502646,-13.00338801,2.390731922,-3.198425044,-2.762014109,3.326040564,2.336114638,-1.364,0.457208113,happy
Play,Jennifer Lopez,2001,0.804749694,0.877119424,0.560912657,104.796,-1.81,4,1,6,0.334,0,0.357,49.09255803,28.75910956,1.620202414,23.26568988,-6.859703807,-3.920259981,-9.006220056,1.254143918,7.527835655,8.194869081,-0.987113278,2.083280409,excited
Play That Beat,X-ecutioners,2001,NaN,0.619260605,0.416935872,76.166,-5.716,5,0.807,10,0.09,0,0.499,43.40081655,32.91664868,-41.14060911,42.03373981,-17.97364868,13.25960252,-8.529723022,1.440278177,-0.194064748,17.95253058,1.434755396,-2.524702038,excited
Pocket Full Of Stars,Diesel Boy,2001,0.299877488,0.567814264,0.376688631,181.748,-3.478,1,0,2,0.508,1,0.563,52.84517391,51.46058893,26.71649209,-4.321290514,-28.01499802,-20.45425494,-6.990901186,-4.192110672,10.3442253,8.183800395,1.2911917,3.709922925,excited
Point And Shoot (Demo),Pepper,2007,NaN,0.765141418,0.471493227,165.171,-7.762,4,0,9,0.563,1,0.327,44.96776269,0.68265011,7.366493377,-5.060139073,-22.48706623,-14.29040949,-19.18145254,-0.755772627,-2.110715232,-1.591557395,1.483915011,0.757822296,calm
Pon De Floor,Major Lazer / Vybz Kartel / Afrojack,2009,NaN,0.699858127,0.52225191,84.525,-7.098,3,1,9,0.234,0,0.266,46.73125271,12.31605295,22.80212274,9.575347774,7.507261131,-2.537299639,-2.278169675,14.03730325,-5.019040915,4.659263538,-1.168462094,0.294483755,excited
Pretty Girl (Amended Version),No Address,2005,0.511424326,0.507430629,0.344984811,87.106,-8.1,4,0.837,5,0.923,1,0.576,43.80323858,24.94159703,-2.024460046,-4.511805936,-24.25179795,4.960328767,3.278773973,-6.211570776,6.236630137,-1.356251142,-6.775921233,-0.452166667,calm
Price I Pay,Jane's Addiction,2003,0.601708035,0.711893841,0.535163042,138.657,-5.234,4,1,1,0.599,1,0.532,45.51386066,-41.00357143,31.02238642,-0.170567916,-11.16949063,-11.81619672,-1.428854801,-1.702526932,6.041471897,-1.016401639,-1.799413349,-8.479166276,excited
Put It Off Until Tomorrow,Mae West,2006,NaN,0.467620476,0.321713204,101.276,-16.198,7,0.634,2,0,0,0.134,33.62417399,-122.6633132,75.36591026,12.920337,3.798443223,24.14723077,-1.267450549,17.97462637,16.8090641,13.60931868,-13.59226557,12.97566117,sad
REALIZATION: REMORSE,This Is Hell,2008,0.679853999,0.677550149,0.492132221,83.335,-5.726,3,0.562,6,0,1,0,47.90585321,2.140922018,38.4755,-1.72203211,-35.32413303,-19.63794037,11.39533945,2.445188073,11.63277523,8.003178899,-4.466770642,-3.97259633,angry
RECKLESS,This Is Hell,2008,0.733956331,0.677550149,0.492132221,150.006,-5.261,4,0,8,0.184,1,0.342,50.03434015,40.77953453,40.50066496,-1.684171355,-35.29941432,-21.99441688,9.679409207,0.108478261,7.794378517,9.575769821,-3.240803069,-1.646419437,angry
Radiation Blues,Dax Riggs,2007,0.551651693,0.627917468,0.473918437,91.357,-3.778,4,0.543,11,0.025,1,0.412,52.00140909,13.42821531,58.65578947,3.631057416,-16.11369856,-14.49853828,1.247349282,0.64395933,-0.950813397,-2.114899522,-1.001389952,-6.322674641,excited
Rattlesnake!,A Static Lullaby,2008,0.590252715,0.758678715,0.557562472,202.233,-5.537,4,0.078,2,0.819,1,0.645,49.88668926,35.54382481,15.40780307,-9.067757033,-10.74454604,-30.51936957,1.625200767,1.215011509,9.905295396,7.367254476,-0.226153453,-6.086047315,angry
Razor,Foo Fighters,2005,NaN,0.839275393,0.550762085,126.986,-16.372,1,0,2,0.726,1,0.781,34.58343562,-54.58700361,-50.27744164,-23.08151143,14.87786041,-3.226239471,-21.30431047,3.077311673,7.371993983,5.910036101,1.254022864,2.191712395,calm
Realizer,The Crystal Method,2004,0.634538104,0.740796632,0.555741673,130.006,-6.642,4,0,10,0.058,0,0.454,43.10349564,-66.65259001,-16.33813561,29.78732514,8.576961142,-16.12336241,33.86072641,-8.741008723,-14.42434893,-5.439791435,5.49365345,8.232429818,happy
Red (Main Version),Motograter,2003,0.77057886,0.632319641,0.394252715,143.932,-4.83,4,0.98,5,0.858,1,0.563,48.95651564,42.22846683,-20.04255695,-10.35017397,-41.6141239,-20.06462203,4.387693367,-6.196022528,9.929116395,5.576677096,0.468001252,2.233479349,angry
Red Gun,The Forms,2007,0.44082644,0.576568766,0.412528052,108.888,-9.098,5,1,3,0.067,0,0.475,43.08519528,-60.63685622,-16.5240794,-10.45636695,-14.73626824,4.442203863,1.675935622,-5.150190987,2.827036481,-5.570130901,-4.277446352,-1.708770386,calm
Red Orange Yellow,Photo Atlas,2007,0.666532379,0.59454079,0.348615302,168.248,-5.991,4,0.905,9,0.548,1,0.411,49.68813812,53.77989503,29.45565562,-6.98738674,-29.24280479,-17.46196133,13.98096685,12.76170718,-4.875546961,10.80518048,-4.518828729,3.956605893,angry
Refuge,Matisyahu,2004,NaN,0.830592506,0.639798164,72.884,-8.702,4,0.068,4,0.313,0,0.393,44.47774043,-8.555762151,10.27677456,3.654152017,-3.719071355,-7.717565667,3.572115822,-2.721457084,8.604481903,3.700046536,-3.996371251,-5.115976215,calm
Revelations,Jesse Malin and The St. Marks Social,2007,0.47212112,0.75504135,0.458592025,126.105,-4.852,4,0.689,9,0.585,1,0.537,50.89766248,15.85845055,41.89517739,-1.180838305,8.667202512,-23.5149168,-1.553962323,-5.716171115,5.125282575,-2.32366248,4.583527473,1.428711146,calm
Ricky Ticky Toc,Eminem,2004,0.661061378,0.871010614,0.804830428,86.007,-5.92,4,1,0,0.76,1,0.649,44.18674386,18.21187581,-9.722516171,2.871117723,-17.15201294,19.10784994,-7.322062096,14.66955369,-4.395326003,3.271514877,-6.014188875,-1.953313066,sad
Right Now,Korn,2003,NaN,0.829135422,0.528709934,210.691,-6.738,4,1,9,0.768,0,0.471,48.7563724,69.34279377,8.542071217,-8.775897626,-20.65459347,-22.61633531,14.99862611,-2.849869436,17.41345994,7.477244807,-1.471722552,11.37018694,angry
Ripped Pants,Spongebob Squarepants,2005,0.615614234,0.622999463,0.458935571,122.887,-8.892,4,0.973,9,0.673,0,0.542,44.41913636,46.06825455,-3.512059091,-19.07977273,-8.021772727,7.8634,8.690495455,6.117781818,5.065827273,-1.63415,-10.42210909,13.99516818,sad
River Is Waiting,Irma Thomas,2008,NaN,0.623823768,0.441106359,103.206,-5.762,4,0.423,3,0.49,1,0.564,48.70540351,-25.68975574,24.48465722,-1.315955466,-10.34335223,-8.932037787,-5.09934413,-8.146267206,5.601067476,1.622887989,-1.090136302,-0.189921727,calm
Rock Co.Kane Flow,De La Soul / MF Doom,2004,0.598947039,0.745625188,0.513065655,86.813,-3.684,4,0,10,0.534,0,0.534,47.26378345,6.032744828,19.12950069,2.786628966,-15.86574759,11.39033655,-6.940515862,4.617013793,6.896747586,-1.798782069,-3.717386207,-8.449471724,calm
Rollin' and Tumblin',R.L. Burnside,2001,NaN,0.701180874,0.466628889,107.601,-10.426,1,0,0,0.326,0,0.306,40.22506804,-22.80597818,-54.8978896,-0.639089859,-13.39305006,19.26513736,-17.55482285,-12.95620539,14.64713222,5.629023107,0.188273427,15.60467908,happy
Round and Round,Otis Taylor,2001,0.592333567,0.590792957,0.394884438,217.289,-6.028,1,0,4,0.805,1,0.666,47.96826233,122.2750335,87.83520316,34.40043393,64.8978284,12.59759566,-11.27458777,9.7225286,-1.700504931,-0.88825641,5.450094675,14.54780868,happy
Safety Net (Album Version),Moros Eros,2007,0.473346541,0.605538219,0.307540085,90.291,-5.879,1,1,2,0.144,0,0.168,50.10353464,43.18089458,-3.656674699,-13.08781175,-25.03957229,-14.78602711,-12.58258133,5.537743976,10.21005572,9.984045181,-2.595537651,-1.028222892,excited
Saturday Love,Alexander O'Neal,2008,0.741621754,0.609123875,0.46236784,117.949,-8.326,4,1,9,0,1,0.339,44.2408097,-18.08960914,14.0194375,-6.713972015,15.86699067,-10.10128451,-19.39246082,-9.546785448,-6.472008396,-4.535113806,-1.673934701,-7.465664179,calm
Say Something [featuring Jean Grae] (Album Version),Talib Kweli,2007,0.606816327,0.772794404,0.551016443,190.008,-6.434,4,0.865,10,0.627,0,0.55,44.32463403,8.627054183,0.228264259,7.353136882,-13.00928327,4.157610266,-5.678926806,0.234422053,3.956539924,7.459554183,-4.057478137,-10.05847624,angry
Say What!?!,Chris Standring,2003,0.511424326,0.564710159,0.415937641,140.044,-9.041,4,0.445,0,0.673,1,0.593,41.12820829,-39.21464127,-27.09634908,20.96790646,-10.23669238,-2.268852459,0.585834137,5.150197686,-8.514663452,7.402497589,3.126313404,6.563280617,happy
Schitzo,brokeNCYDE,2008,NaN,0.716284296,0.43413714,113.361,-4.656,5,0.459,4,0.665,0,0.606,49.49264986,76.72288049,54.0851578,26.03723996,18.8799253,-12.45256583,33.53305135,2.775468721,-9.810567694,6.108306256,-4.989973856,2.703673203,angry
School Spirit Skit 2,Kanye West,2003,NaN,0.877213746,1.082502557,201.792,-13.928,5,0.255,8,0.127,1,0.243,35.58909091,29.43835407,-28.54304785,-9.981004785,31.78397608,46.19920574,-24.03000478,12.63952153,-11.34739713,13.27719617,-13.50770335,6.359177033,happy
Second Chances feat. Bilal & Darien Brockington,Little Brother,2010,0.67533421,0.734630318,0.495523045,100.415,-7.534,4,1,11,0.542,0,0.55,43.85478638,43.45792157,3.251027864,6.560553148,-4.111822497,4.243384933,-32.6387451,-0.424686275,4.511453044,4.684544892,-4.488132095,-3.748296182,calm
Sensory Deprivation Adventure,From Autumn To Ashes,2007,0.600471581,0.714268533,0.505453153,93.061,-5.911,4,0.581,2,0.439,0,0.536,49.62817113,60.14470928,12.95818763,-2.210105155,-30.69630309,-27.13102474,16.46604948,-2.33796701,12.09488247,10.33333814,-0.328125773,9.962909278,angry
Setting Fire to Sleeping Giants,The Dillinger Escape Plan,2004,0.666527846,0.839962768,0.541888972,166.862,-4.264,4,0,7,0.381,1,0.453,50.89835049,17.60930598,32.17199026,-1.425584145,-25.23884979,-13.98278999,-0.067895688,0.802945758,-3.579361613,0.727310153,-0.745489569,-3.314773296,angry
Shake,Cam'Ron / JR Writer,2004,0.505487343,0.858270678,0.515325301,115.139,-6.61,5,1,9,0,1,0.12,45.27695097,84.63181001,-18.81552094,5.490578141,1.047006129,-13.53925741,11.8202145,13.98441164,2.950805924,7.171518897,-1.561589377,-10.2088141,excited
She Is,The Fray,2005,NaN,0.852699664,0.661349364,144.239,-6.132,4,0,10,0.324,1,0.489,48.22940299,13.63510312,7.208774763,-4.258862958,-5.288716418,-11.56146947,-9.940545455,-13.83487381,-2.496046133,-7.138480326,-0.323272727,-0.219861601,happy
She Will Love You (Album Version),Aiden,2007,0.713217692,0.773491324,0.500459151,143.021,-5.249,4,0.637,5,0.42,1,0.47,49.8754229,19.66015725,23.39236336,-7.919909924,-31.24578321,-26.25456489,4.015126718,-0.880438168,6.090374046,2.105323664,2.511212214,-1.36810687,excited
Shogun [with fade_ for special edition],Trivium,2008,0.49271364,0.847754656,0.494206855,140.112,-4.002,4,0.976,11,0.346,0,0.582,49.70345538,43.08041184,16.69010579,-2.588079669,-33.92845102,-25.10837092,-0.870655202,-6.649386156,5.580383979,7.033222029,3.335187636,-0.862806704,angry
Short On Ideas / One Last Cigarette,Less Than Jake,2002,0.407233015,0.843322339,0.554564302,170.412,-1.977,1,0,0,0.761,1,0.544,54.45272437,120.5022859,6.877610478,-14.19377335,-9.982588838,-20.42630182,-9.263143508,9.445509112,7.534130979,12.16957745,-4.372365604,1.215504556,excited
Should've Said No,Taylor Swift,2006,NaN,0.88974922,0.872447223,167.97,-4.954,4,0.623,4,0.365,0,0.451,49.41367784,40.07613265,8.869451895,-10.51725656,-29.47182945,-12.85027405,0.602368805,-3.569734694,5.747842566,1.983008746,-1.201441691,3.461107872,happy
Side Steppin',Paul Brown,2005,0.621195684,0.510075541,0.397493835,114.017,-8.283,4,0.758,10,0.09,0,0.303,41.22499427,-5.596579128,-37.97095298,14.60082225,19.29413073,2.962401376,-5.924305046,-4.697493119,0.551568807,1.611973624,2.419524083,-2.270988532,calm
Simple Livin' (Album Version),Gym Class Heroes,2005,0.241655252,0.906619152,0.563403566,160.938,-6.244,1,0,2,0.309,0,0.341,46.37975054,27.99063978,-7.741764516,6.968039785,-47.10524946,6.94411828,5.901872043,0.604608602,-1.551033333,-2.154289247,-3.067970968,4.875221505,excited
Since The Last Time,ARRESTED DEVELOPMENT,2006,0.609043943,0.701118744,0.415441656,177.886,-6.25,4,1,1,1,1,0.788,45.03872138,-15.94714795,-15.38802268,6.217083153,-10.21106371,5.382634989,-1.208899568,1.123338013,13.60267063,-3.230319654,-5.420842333,-6.248397408,calm
Sirius Calling,Art Ensemble Of Chicago,2004,NaN,0.570704469,0.394921731,96.411,-12.326,3,0.903,4,0.053,1,0.343,43.64158503,-8.992797279,47.18661497,7.725840816,-18.97847211,-23.09038912,58.31265034,14.68121497,1.086341497,0.904340136,-3.590621769,12.29114694,excited
Sky Inferno,Goatwhore,2003,0.592445864,0.773271848,0.429689629,107.485,-5.511,1,0,10,0.106,1,0.352,51.00725038,29.53469231,19.37794721,-9.535229261,-44.00930015,-17.3503816,-11.89582353,-3.03584917,3.599049774,-1.845173454,1.597306184,7.597954751,angry
Slip Out The Back (Album Version),Fort Minor (Featuring Mr. Hahn),2005,NaN,0.795402549,0.54441459,90.009,-6.475,4,0.074,5,0.58,1,0.548,45.08345189,2.964632075,9.592426415,26.23138585,7.411659434,-10.23252642,3.999416981,-19.59441509,3.968809434,-0.027089623,4.405942453,3.207349057,sad
Sloppy Love Jingle_ Pt. 3 (Amended Album Version),Gym Class Heroes,2006,0,0.906619152,0.563403566,80.473,-13.12,3,0.579,7,0.278,0,0.186,38.35671739,-20.24872575,12.93235284,-3.328173913,9.379444816,21.18564047,-36.90636789,12.01043478,-5.513431438,8.942036789,-4.476003344,8.571956522,calm
Slowly Rising,Soul Asylum,2006,0.372530039,0.690080124,0.466775622,151.941,-5.225,4,0.863,7,0.479,1,0.49,50.13086081,55.69005541,19.52590135,-5.493643243,-35.6238973,-25.26853378,-0.622881081,2.875787838,0.182037838,3.361990541,1.330213514,-3.750966216,excited
So(u)l Invictus,Nightfall,2004,0.340922756,0.543061143,0.353364767,105.061,-4.67,4,0.596,7,0.37,0,0.43,51.95483519,65.19145657,0.774587973,-13.65603786,-28.06460356,-29.05061024,1.247694878,0.347826281,16.80967929,9.240412027,-2.5904098,9.056688196,angry
Solid Gold (Evolution Mix) (2005 Digital Remaster),VHS Or Beta,2002,0,0.67161064,0.421973968,126.984,-6.992,4,0.095,9,0.026,1,0.277,44.27859765,17.013162,-47.30282948,45.3649322,13.35170849,-4.471261064,11.12477263,0.990481527,13.97286724,5.587849777,6.263673569,-2.240360536,happy
Someday (I Will Understand),Britney Spears,2005,NaN,0.947327507,0.60725728,0,-23.555,1,0,3,0,1,0,30.72025,-8.16825,-18.47625,-12.22475,-8.8085,-2.963,-6.81925,-13.3875,5.827,9.894,23.6785,29.81825,calm
Something For The Pain,Robben Ford,2002,0.503381236,0.604820432,0.383877494,111.903,-6.311,4,1,9,0.678,0,0.494,45.44535214,-27.88147126,-1.682394984,6.764824451,-33.3827116,-0.640741902,1.74269906,-2.814548589,9.832248694,-4.921548589,0.759473354,-3.499700104,sad
Soul of Ethiopia,Oh No,2009,0.505487343,0.670642844,0.42677782,128.116,-7.1,3,1,3,0.582,1,0.471,43.96358294,47.49313033,9.618172986,-0.415227488,-24.24088626,2.760969194,-44.30501422,-8.951649289,21.94341232,6.310135071,0.422045024,9.350680095,calm
Spark,Souls Of Mischief,2002,0.60211999,0.649157388,0.469177429,96.287,-5.911,4,1,4,0.374,0,0.339,42.62041051,20.19201265,13.97296887,15.81797179,0.734549611,10.01938035,13.00261576,10.87486187,-5.983819066,4.872745136,-9.063644942,-1.787839494,excited
Spaz's House Destruction Party,Anti-Flag,2001,0.594362489,0.844039532,0.524378988,131.121,-6.547,4,0,1,0.44,1,0.468,49.21161981,36.63999063,20.6877992,-2.890212851,-48.85127711,-10.54126104,-4.635953146,3.779966533,18.22361847,12.00801473,-0.870207497,13.08763052,excited
Spider's Nest Blues,Memphis Jug Band,2005,NaN,0.506126774,0.350787891,94.853,-27.737,1,0,3,0.413,0,0.29,23.11699271,-93.12716393,-49.03955191,-47.28581603,-25.21646084,28.88027322,-46.35824772,9.370744991,-15.59391439,11.3262714,-11.73144262,5.252715847,calm
Spin (Album Version),Taking Back Sunday,2006,0.84930612,0.911599657,0.57237398,95.254,-4.164,4,0.268,11,0.456,1,0.458,51.71298363,47.35218304,54.34898512,7.70605506,-20.46300744,-29.51213095,26.84695536,4.9794375,3.301394345,10.89385268,-1.681174107,-4.868778274,angry
Spoonful,Robben Ford,2009,0.375984302,0.604820432,0.383877494,126.42,-6.626,4,0.267,2,0,1,0.147,47.83070781,-1.349157813,34.07126875,6.596194531,-16.77224922,-15.81676172,12.42296484,-5.025770313,11.41467734,4.708842969,0.018577344,-3.282798438,happy
Stairs To the Attic,The Antlers,2007,0.603024581,0.726299713,0.466946703,80.023,-8.878,4,0.484,7,0.08,1,0.42,40.36124276,25.6460731,14.88163862,-7.048946207,16.64002759,-14.97843586,7.056106207,-12.59768138,3.879946207,-7.908227586,-0.791542069,16.14238207,calm
Stampede,He Is Legend,2006,NaN,0.744873719,0.505012392,97.969,-6.808,4,0.542,7,0.517,1,0.51,47.22313194,47.94972626,10.95283231,-10.45529223,-16.8307164,-26.66699014,5.208519112,5.660585697,6.483309494,11.17031196,-3.042482121,-1.913002466,angry
Still,Foo Fighters,2005,0.686941709,0.839275393,0.521843187,110.742,-12.584,4,0.693,5,0.216,1,0.523,38.66582772,-113.1532436,-41.2925099,2.434541584,2.699765347,-10.23755644,0.771985149,-28.8467297,11.55908812,-10.37265545,1.429873267,-7.407824752,calm
Still There For Me,Keb' Mo',2006,NaN,0.632130913,0.472281211,89.966,-10.548,4,1,2,0.815,1,0.631,38.91200559,-29.17302607,-73.28489944,-18.59921415,-7.307670391,-1.795724395,-14.66709311,-12.31507263,2.930102421,-3.162273743,-1.869,4.078383613,calm
Stop The World,RIDDLIN' KIDS,2004,0.676548906,0.58907282,0.392659213,144.721,-3.044,4,0.419,6,0.363,0,0.368,52.24976259,59.74631511,13.91556978,-7.946916547,-14.3926964,-14.77078129,-18.06776835,3.303007194,0.798356835,0.12554964,0.342530935,-3.769348201,excited
Storm,The Pharcyde,2004,0.460541281,0.756063871,0.491468882,97.594,-4.163,4,0.684,2,0,1,0,46.441619,40.197373,12.263583,29.329617,-4.111293,20.51324,8.169268,14.856064,7.712246,-5.881175,-5.630505,9.064803,calm
Summer Shudder,AFI,2006,0.858630458,0.909247283,0.554938522,170.046,-4.183,4,0.794,1,0.387,1,0.444,49.90862524,40.60998835,25.89831845,-3.691258252,-28.57666408,-19.54220583,-3.646669903,4.848516505,2.956069903,4.341073786,1.564036893,4.98176699,excited
Summer Summer,The Almost,2009,0.636635971,0.829851316,0.581505803,136.147,-5.353,4,0.69,4,0.222,0,0.422,50.05619384,25.92528986,16.59158696,-7.627525362,-13.97910326,-29.69927355,8.939461957,1.854025362,-2.000023551,2.840427536,-0.827652174,-9.701981884,sad
Supertouch/shitfit (Bad Brains),Hatebreed,2009,0.575103501,0.832757431,0.546383748,175.363,-4.571,1,0.346,0,0.85,1,0.78,50.48925442,66.53733922,12.77521378,-0.707386926,-44.54875618,-19.19738339,-3.309574205,3.540632509,4.403678445,9.071485866,1.321982332,4.664508834,angry
Survivalism,Nine Inch Nails,2007,NaN,0.905776889,0.598458501,86.624,-6.787,3,1,9,0.203,0,0.516,46.63320627,2.194275025,9.416482305,-3.722164813,-19.9179363,-19.30839434,5.36786451,2.34258544,8.616431749,0.843694641,0.404128413,1.291352882,excited
Sweet To Mama,Frank Stokes,2005,NaN,0.428252654,0.351023682,149.056,-16.748,1,0,5,0.555,0,0.409,37.98148239,-13.94945176,-22.60002603,-26.54838897,38.52347473,-11.31159877,-20.34469985,18.05392802,-35.3599755,10.32059571,3.543901991,34.82507504,happy
Sweetest Goodbye,Maroon 5,2002,NaN,0.905477001,0.843380274,164.049,-6.247,4,0.662,6,0,1,0.055,47.13512245,-4.973715213,26.68391187,4.12677551,18.8976243,-7.474355288,0.109575139,-6.847149351,7.741306122,-2.776855288,0.358612245,-0.666520408,sad
Swing Swang,Naughty By Nature,2002,NaN,0.679748141,0.458595403,93.978,-3.741,4,1,10,0,0,0,45.91562155,60.78332146,18.13713357,38.44086732,-1.35851024,29.00102137,-12.63070436,-6.118568121,0.987688335,3.457861977,-1.021363313,-3.559087266,excited
Take My Breath Away,Jessica Simpson,2004,0,0.772518285,0.578790799,99.909,-6.224,4,0,7,0.537,1,0.608,44.63841693,19.07426038,30.35146006,7.811476038,25.69038339,-17.20908626,8.114621406,-10.83795367,-4.457616613,-1.706640575,0.665642173,3.18727476,calm
Take The Wheel,Pacha Massive,2009,NaN,0.590818773,0.420945486,102.009,-8.328,4,0.43,11,0.518,0,0.577,44.49961504,-21.88998195,11.16598797,1.65527218,-1.815628571,-1.615496241,-0.417443609,-1.973427068,2.4634,-12.46373985,-3.295479699,0.498890226,calm
Talking About It Blues,Otis Taylor,2009,0.497439048,0.590792957,0.394884438,148.022,-11.002,4,0,9,0.051,1,0.284,42.93320807,-77.00780717,-15.40997309,-5.524456502,5.20169148,-23.07956323,10.90037758,-0.571770404,14.33616682,3.103183857,3.062984753,11.37415516,calm
Taste It,Busta Rhymes,2002,NaN,0.809828092,0.539644312,146.971,-7.958,5,0.7,10,0.268,0,0.374,43.23262282,80.18276394,12.4055122,6.178591463,-2.772783101,13.77937021,-27.42254007,0.876283972,-7.765148084,5.530780488,-7.359842334,1.152702091,excited
Taste Of Dis (Explicit Version),Brooke Valentine,2005,0.215080319,0.705745818,0.359064296,111.936,-6.825,4,0.955,1,0.826,1,0.53,43.92130654,38.43853092,8.114960247,20.17140371,2.516018551,4.667154594,3.275597173,11.33520671,6.665821555,10.77670848,-2.071967314,4.827212898,excited
Tastes So Good To Me,Cross Country,2009,0,0.375195664,0.355707867,185.623,-8.165,4,0,3,0.58,1,0.439,46.16060684,37.57265242,7.648840456,-8.73411396,-12.82280912,-3.633162393,-14.99188889,-0.411994302,13.09476068,2.638123932,1.156047009,13.08156553,happy
Teasin' Brown,North Mississippi Allstars,2005,0.372530039,0.746213857,0.476955046,114.116,-5.827,4,0.761,9,0.171,1,0.419,48.23594394,-3.661517601,8.27134811,0.542949153,-22.65509778,-3.373449804,-9.364354628,-1.866556714,5.127148631,-1.431584094,3.314654498,9.608998696,happy
Tell Me,Toni Braxton,2002,0.662651979,0.737972528,0.555968804,84.797,-6.297,4,0,1,0.337,1,0.429,39.85908211,72.35515684,-54.18081789,16.06087579,8.908601053,6.284494737,-15.23585474,2.851091579,-3.694363158,9.926855789,4.798735789,1.251924211,calm
That Old Gang Of Mine,Dean Martin,2002,NaN,0.708436678,0.623970266,120.458,-14.103,4,0,2,0.144,1,0.29,38.74564718,-24.78507056,25.78460081,3.7139375,-17.38593145,-5.12028629,-8.839643145,-6.03540121,1.478582661,-3.970028226,1.457834677,0.435145161,calm
The Burden (Album Version),Dropkick Murphys,2005,0.651569826,0.79309437,0.568491815,140.618,-1.983,4,0,7,0.485,1,0.588,53.2193642,43.67015432,32.85063272,6.806342593,-3.471493827,-19.93915586,1.655802469,-2.184594136,10.19866975,7.267574074,0.410657407,0.182941358,excited
The Carpal Tunnel Of Love,Fall Out Boy,2007,0.720431538,0.93796475,0.566622888,140.878,-3.237,4,0.93,2,0.045,0,0.27,53.15776766,41.01080297,29.70048141,-8.123905204,-10.75582342,-20.34222305,-7.836535316,0.171981413,11.45527881,5.556663569,-1.142946097,-0.538141264,excited
The Darker Side,Lizzy Borden,2007,0.375984302,0.609819761,0.419967936,115.115,-4.431,4,0.432,5,0.102,1,0.522,50.80659583,16.2058266,32.73087875,-6.862809648,-5.613453716,-25.54401695,3.607071708,-6.118362451,10.7669648,-1.096118644,-1.822148631,-6.106522816,excited
The Day After (featuring Syleena Johnson) (Explicit Chopped & Screwed Version),Twista,2005,NaN,0.889613555,0.593808365,90.158,-8.273,4,0.685,7,0.003,1,0.384,45.26094517,12.9165447,17.71252086,-4.803684148,6.191963051,-5.081225268,-0.231736591,3.566756853,8.501543504,12.52193683,-6.795308701,7.971607867,excited
The Earth Will Shake,Thrice,2005,0.838286675,0.873238653,0.519965479,126.947,-9.458,7,0.957,9,0.585,0,0.541,42.38234565,49.17560906,48.57343504,3.525897497,-24.16254589,-19.55137068,13.77712992,5.226697259,4.103355185,0.857425507,-2.427302741,-3.83098093,angry
The Flame,Chimaira,2007,0.629071836,0.837450128,0.476760867,150.11,-4.238,4,0.852,7,0.631,1,0.509,51.1717439,49.01783038,17.57219623,-10.92788248,-24.76856763,-21.53146452,1.202426829,-5.617482262,15.00303326,10.42709756,-1.682501109,2.690689579,angry
The Kingdom - Titles,Danny Elfman,2007,NaN,0.766826205,0.549445961,85.807,-14.107,5,1,3,0.324,0,0.473,38.53793399,-81.58519001,9.762495094,-5.335137377,-23.91482962,-13.17628546,7.261692239,-2.025096343,1.408421945,0.532022302,-0.443427297,-4.82391347,excited
The Letter That Johnny Walker Read,Asleep At The Wheel,2002,0.580704293,0.604258728,0.461023016,122.166,-9.02,4,0.738,11,0.046,1,0.407,42.80951712,-15.84180874,-8.890239669,-3.125387249,-10.61004841,0.092623377,-0.767585596,-14.37611924,-3.664011806,-3.100672963,-3.999624557,-8.874341204,calm
The Long Goodbye,Miranda Lee Richards,2001,0.304169503,0.55669334,0.401209642,116.123,-8.141,4,0.968,0,0.609,1,0.659,45.59418014,-33.3572695,25.28664823,-6.447750355,12.49020709,-22.74219007,-6.651968794,-11.16661702,3.846157447,-2.879185816,3.571496454,-1.836950355,sad
The Luck You Got,The High Strung,2005,0,0.59994467,0.396800219,139.72,-3.765,4,0.995,7,0.72,1,0.66,52.35571673,41.75372053,31.03531559,-4.772112167,-7.624406844,-22.32630038,-1.813750951,2.827627376,2.653058935,2.57210076,0.056479087,-2.912490494,happy
The Mission,30 Seconds To Mars,2002,0.793613668,0.909324834,0.677087547,190.102,-4.675,4,0.04,8,0.616,1,0.52,49.83680551,25.73722052,21.27403675,3.063921899,-31.32627871,-23.88734609,1.936911179,-5.027964778,13.20460796,8.1996049,2.243970904,2.967486983,excited
The Murder Prologue,Steve Vai,2007,0.518340538,0.645720023,0.543954417,169.654,-7.949,4,0.896,3,0.051,0,0.143,44.08187407,22.61294815,21.46259259,-10.1242963,-14.90314815,-22.69987407,-3.789540741,-2.038644444,9.070711111,0.371614815,1.76302963,16.70797037,happy
The One,Miguel Migs,2002,0.565451012,0.658349215,0.396963184,104.988,-6.308,4,0.664,11,0.252,0,0.432,44.41400478,-13.85452249,-51.75048995,11.50509952,30.01986794,-21.99054067,-0.145333971,-6.383374163,7.488602871,-9.206083254,6.094947368,-8.905591388,calm
The Stranger,James Horner,2003,0.401502463,0.679519208,0.491828704,186.138,-30.387,4,1,2,0.699,0,0.747,23.18183636,-42.67449818,7.248792727,-20.51541091,11.40463455,-23.09335636,-14.00419636,0.466552727,-4.144250909,0.962070909,-0.348689091,7.477905455,calm
There It Go (The Whistle Song),Juelz Santana,2005,NaN,0.822843255,0.531436737,100.05,-7.468,4,1,9,0.207,1,0.436,43.96562166,34.52214909,12.54171871,33.66369761,-9.461659634,27.4542616,31.41658931,8.692123769,-2.909028129,12.72610267,-14.14500281,2.911471167,excited
There Will Come A Day (Album Version),Faith Hill,2001,0.571729009,0.882111591,0.670106173,154.434,-9.031,4,0.81,11,0.246,1,0.416,44.07500442,17.23754204,19.69647898,-5.249103982,13.37364934,-14.58374115,-3.754950221,-6.952827434,-5.781082965,-5.624488938,-0.541949115,2.409963496,calm
These Days,Take It Back!,2008,0.447135796,0.751216348,0.461230677,135.264,-4.696,4,0,3,0.494,0,0.44,51.14062306,51.33816523,31.89442169,-4.237981067,-32.76768675,-22.00345439,12.7621136,4.649827883,-7.083061962,5.790667814,-0.588611015,4.248063683,excited
This Love,Maroon 5,2002,0.579767081,0.905477001,0.843380274,114.998,-6.04,4,0.64,10,0.033,0,0.473,44.5914087,5.458308696,16.38236667,21.96158406,-5.839802899,-10.97881884,12.15510725,11.00045652,11.34831884,11.18994638,-0.782613043,-4.790594203,excited
This Year (ReMastered),Curtis Mayfield,2006,NaN,0.786921231,0.495306693,94.672,-15.314,4,0.81,2,0.261,1,0.311,38.67595189,11.90018557,-39.53994044,-26.73285109,-4.406647194,-23.36685567,-9.377054983,12.34130584,-12.95753608,6.406308133,-3.053949599,-6.261195876,calm
Threadbare Gypsy Soul,Pat Green,2001,0.499445835,0.690893776,0.566138398,97.683,-7.867,4,0.488,9,0.685,1,0.723,45.23317953,-15.3192693,3.808342282,-9.131258389,-5.858013423,-11.13671393,-1.771767617,-11.23772567,1.928994128,-5.260076342,-0.135865772,-2.029691275,happy
Through The Wire,Kanye West,2003,NaN,0.877213746,1.082502557,166.037,-5.227,4,0.785,7,0.766,1,0.474,48.49805873,45.27457486,2.246924731,-5.642548387,-20.52930025,-14.61896112,21.61354591,10.36463193,-16.83872291,-3.499495451,-3.270166253,-0.484289495,calm
Through the Looking Glass (jazz),Chris Standring,2006,NaN,0.564710159,0.415937641,109.997,-9.435,7,0.889,8,0.798,1,0.774,39.69654381,-109.0582723,-37.34121478,23.62129038,1.18825945,4.934039519,-7.145193299,-11.67910567,1.48913488,-6.733919244,5.127604811,-6.233400344,calm
Till The End Of The Day (Alternate Mix),Big Star,2009,0.699474325,0.741040433,0.496508119,144.717,-6.097,4,0,2,0.485,0,0.448,49.3338964,29.7877545,41.38943243,2.34909009,-9.481761261,-13.55349775,3.662927928,11.04020495,-10.07055631,2.547542793,1.057101351,-2.071274775,happy
To Bob Ross With Love (Album Version),Gym Class Heroes,2005,0.734996573,0.906619152,0.563403566,93.408,-7.468,4,0.874,6,0.619,0,0.597,45.09931642,32.39533134,-35.49719552,-15.61588955,-3.49588806,6.448313433,-22.34449701,10.31687164,0.372931343,15.37979701,-6.383377612,3.950713433,happy
Too Shy To Scream,AFI,2009,0.867008491,0.909247283,0.554938522,94.937,-4.606,4,0.642,8,0.1,1,0.375,50.29582504,55.53191323,-9.049506401,-5.385072546,-27.25737411,-15.95948933,9.762726885,-1.807796586,12.27071124,12.99165007,-2.155625889,2.788681366,excited
Touch My Body,Mariah Carey,2008,NaN,0.934935267,0.787005469,129.991,-5.558,4,0.306,11,0.226,0,0.354,45.0926495,38.10909967,-43.89912375,18.13416777,27.48866196,1.695399502,20.23833804,-22.93190282,-6.477831395,-5.343168605,-2.113650332,-7.72455897,calm
Touch The Sky,Kanye West / Lupe Fiasco,2010,NaN,0.877213746,1.082502557,106.825,-5.263,4,1,9,0,1,0.072,48.88748028,41.28966371,-15.79004339,-13.79146154,-4.219645957,-9.620290927,6.832298817,16.02511045,-9.392679487,5.961864892,-5.871140039,0.51914497,happy
Trade It All PT2  (Early Fade Amended Version- Bonus Track) (featuring P. Diddy & Jagged Edge),Fabolous,2003,0.541105827,0.571681627,0.54000775,96.708,-5.268,4,0.949,6,0.306,1,0.349,46.91203059,39.79620717,-1.742981643,-1.013825175,-4.794284965,5.241126748,-22.80617133,1.904876748,-6.23480507,10.20543269,-4.076912587,-6.24701486,excited
True Nature,Jane's Addiction,2003,0.630187627,0.711893841,0.535163042,92.099,-3.782,4,0.855,7,0.034,0,0.455,51.04857576,25.59389226,45.99370707,-1.145363636,-24.00043603,-22.0803569,0.342688552,2.29059596,-5.731786195,1.851092593,-0.322407407,-6.93703367,excited
Turn It Over (Album Version),Leslie Mendelson,2009,0.621568232,0.491238422,0.34866477,106.499,-10.599,1,0.33,0,0.777,1,0.687,40.99878111,-29.67544978,-48.15697901,1.142451274,-1.182458771,-2.526268366,-7.089043478,-13.69818891,2.806973013,4.405305847,4.883136432,1.08028036,calm
Turn The Heat Up,Bobaflex,2005,0.660680598,0.588781959,0.415408952,93.033,-3.124,4,0.632,10,0.005,1,0.18,50.85124314,48.30144706,25.82553725,-2.856429412,-7.764309804,-14.23694902,4.064915686,6.448945098,-5.83854902,8.462401961,-4.205747059,4.388131373,angry
U Not Like Me,50 Cent,2002,NaN,0.88348708,0.588649959,92.649,-3.084,4,1,6,0.225,1,0.145,48.70433269,86.48448654,12.10109519,5.611265385,-11.60282885,18.80967308,-31.1915125,15.25690096,-5.303502885,14.11919327,-3.464770192,0.840710577,excited
Umbrella,All Time Low,2008,0.927112122,0.842431482,0.526458223,87.953,-8.901,4,0.806,1,0.366,1,0.595,45.85028391,31.47566404,9.818670347,-13.93238486,-9.578856467,-10.97494795,-3.829929022,1.906641956,5.110440063,9.587290221,-6.472976341,-11.12074606,happy
Unbreak My Heart,Alexander O'Neal,2008,0.460484845,0.609123875,0.46236784,109.991,-7.367,4,0.791,9,0.492,0,0.494,46.09706444,24.47400119,-17.8287852,-9.588860382,-7.079164678,-16.20680907,-0.559749403,-10.70027208,-8.599736277,-4.42198568,-1.455158711,-7.281829356,sad
Unlove Me,Julie Roberts,2004,NaN,0.71149724,0.421595992,122.022,-10.002,4,0.147,1,0.89,1,0.719,42.73466332,-36.14438526,-25.73181407,-16.88284925,-0.215083752,-4.799319933,0.920502513,-10.275,-7.95538526,-6.864961474,-2.662666667,0.445108878,sad
Until You Love Someone,Dean Martin,2005,NaN,0.708439814,0.623970266,128.459,-10.917,5,0.937,0,0.301,0,0.358,43.27033411,-81.8473528,62.21682009,-8.285067757,-47.58484346,-8.375261682,-7.423497664,-3.164327103,23.37992991,4.491462617,0.628757009,19.67432477,sad
Use Of A Weapon (Album Version),Between The Buried And Me,2002,0.579038701,0.840590438,0.546545162,179.406,-5.765,4,0.439,1,0.457,1,0.46,50.02759105,36.45474922,13.2332872,-2.639707596,-41.41703018,-28.48417586,17.44421956,3.059760666,10.71951405,9.002941727,0.548215401,4.221483871,angry
Vacation Rain (Album),Sister Hazel,2010,0.594854168,0.731065756,0.509878708,100.029,-7.128,4,0.568,9,0.795,1,0.703,47.58303556,54.55761778,12.30246074,-2.407653333,1.020232593,-7.745771852,-8.06196,-1.82622963,3.18441037,-0.636748148,-0.212620741,5.82737037,excited
Vienna,The Fray,2002,0.798409825,0.852699664,0.661349364,124.534,-8.096,3,1,5,0.048,0,0.296,45.40484418,-78.96520513,14.25180671,-14.22381854,-17.55486785,-8.848499014,-15.36557002,-6.175581854,-8.922076923,-12.53248521,2.084786982,2.199078895,calm
Violence,Juelz Santana / Bezel,2005,0.47643522,0.822843255,0.531436737,104.99,-3.858,3,0.792,10,0.347,0,0.567,50.07696909,36.03506099,11.94624561,7.151719298,15.20746115,-14.94162072,18.58383459,8.848201337,3.463580618,17.42988555,-6.833412698,-1.997677527,excited
Violence in Fluid Triceratops,Arsonists Get All The Girls,2009,0.731473357,0.725402921,0.454957395,129.824,-3.424,3,0.595,1,0.506,1,0.482,51.29838682,63.78662065,1.78438806,-7.689016169,-27.77796766,-30.54096642,2.136300995,1.004131841,12.28139925,15.96194403,-1.016317164,1.344550995,angry
Vogue [Live],Madonna,2006,0.528782481,0.915823253,0.665576619,116.169,-5.407,4,0.493,6,0.291,0,0.349,49.48317317,67.9540122,-2.749768293,2.584033537,13.90097317,-26.98203049,13.39347195,7.964793902,4.037464634,4.140752439,4.335419512,5.701857927,excited
WKYA (drop),Redman,2001,0.57010593,0.743129776,0.493566843,85.008,-10.296,5,1,1,0.074,0,0.492,42.16872134,-0.914865961,-15.49971076,-2.237608466,12.06491534,8.435239859,-12.73666314,3.541857143,11.15768959,14.49704938,-5.521335097,3.968119929,excited
Wake Up! Wake Up! (Wake Up! Wake Up! Album Version),Everyday Sunday,2007,0.601402939,0.632856419,0.428980521,151.844,-4.017,4,0,1,0.683,1,0.651,51.40506518,35.70376536,2.563476723,-10.43588082,-15.79156797,-23.5519702,-1.029160149,-1.853908752,5.499301676,8.15135568,-0.656428305,-6.949310987,excited
Walk On The Wild Side,Jesse Malin,2008,0.496175336,0.75504135,0.458592025,88.011,-8.14,4,0.26,2,0.006,1,0.346,46.39983466,-12.30064243,-20.88527092,-12.19106375,7.280343625,-15.05159661,5.103058765,-12.97196912,4.512359562,-9.681379482,-0.946749004,-0.718885458,calm
Walls And Cannonballs (Album),Sister Hazel,2010,0.603030145,0.731065756,0.509878708,140.259,-6.481,4,0.019,5,0.809,1,0.733,48.25151054,13.16645331,35.08832078,4.989858434,13.67938102,-15.71854819,-11.93918072,-7.203793675,8.706676205,-4.06825753,3.795573795,3.911585843,happy
We All Need Love,Irma Thomas,2008,0,0.623823768,0.441106359,131,-11.975,4,0,3,0.287,1,0.425,38.14857524,-30.13820571,-9.952584762,-2.487013333,20.81405333,-0.816259048,-9.125188571,-9.60848381,10.51966857,1.683691429,-2.909179048,-3.514354286,calm
We Got What You Want,Busta Rhymes,2001,NaN,0.809828092,0.539644312,176.83,-5.349,3,1,8,0,0,0,44.20610158,86.60254734,-14.0742643,1.874554241,-9.679056213,24.7330503,-0.866558185,2.505102564,6.193401381,6.400033531,-14.48715187,3.025142012,excited
We Gotta Talk,Jennifer Lopez,2001,NaN,0.816842854,0.567889145,132.731,-3.756,4,0.58,5,0.448,1,0.431,47.43026321,87.64962743,-4.076398517,14.5418202,-6.130986098,-3.770607044,-10.48110287,-1.426817424,0.487416126,5.963327155,3.055850788,4.964108434,happy
We March To The Beat Of Indifferent Drum,NOFX,2006,NaN,0.561131213,0.554291489,94.898,-4.795,3,0.165,4,0,0,0.113,49.82635518,42.82733384,13.38785518,-2.490091463,-20.23698018,-24.45642226,17.58926829,4.624434451,3.676818598,2.032708841,-1.735932927,1.181978659,excited
We Who Finish Last,Shai Hulud,2008,0.693655624,0.789707049,0.419398461,136.331,-4.019,4,0,2,0.208,0,0.373,52.17142997,43.78411889,43.3522443,1.547501629,-14.79720358,-18.37097394,2.067993485,-4.790498371,13.04246091,13.52731596,-3.61363355,-4.467664495,angry
Wer Einmal 'A' Gesagt (What Does A Girl Do?),Marcie Blane,2004,0,0.421181869,0.304911912,86.708,-9.462,4,0.261,2,0.68,1,0.672,44.7588317,57.92499804,10.64661252,3.304117417,-14.34552446,5.557135029,-5.982712329,-10.70645988,13.65146575,7.167291585,-3.12481409,8.720612524,happy
Whatever Lies Will Help You Rest,The Ataris,2006,0.548678056,0.82785377,0.517328584,151.949,-5.038,4,0.843,4,0.112,0,0.455,51.20248319,10.6900042,25.14766597,-9.932655462,-0.747911765,-24.84180882,-7.386121849,-11.69873319,10.04660714,-0.936170168,-1.695968487,-11.80596639,excited
When A Man Loves A Woman,Alexander O'Neal,2008,0.473346541,0.609123875,0.46236784,95.924,-5.184,3,1,7,0.472,1,0.502,46.94157614,13.55714757,5.495149137,-0.454788069,-25.35265934,-10.16526217,13.8289529,1.310171115,-6.41099843,-5.884367347,-1.103270016,-6.013758242,calm
Where You Belong,The Summer Obsession,2006,0.582918458,0.634496285,0.395053039,79.935,-6.327,4,0,0,0.359,1,0.491,44.18054409,-47.93287097,-14.72373871,10.85458925,-2.147351613,-15.63992796,7.388865591,-9.44136129,10.22112366,2.456963441,5.92622043,-2.154531183,calm
Where You Think You're Goin'?,Darryl Worley,2002,0.255077873,0.75738997,0.51676403,124.693,-9.344,4,0.805,4,0.22,1,0.336,43.49641405,-5.527824341,6.044568381,-4.246826851,-26.07219072,7.167887077,-12.03090213,-7.900154329,-1.177243413,-2.271235885,0.705913425,1.883229611,happy
Who Are You,3 Doors Down,2008,0.574693297,0.840432467,0.64298222,150.077,-4.706,4,1,0,0.531,0,0.406,51.25324008,24.69297732,16.17414367,-9.757724008,-20.89355577,-22.48390359,-6.964610586,0.258553875,19.10725142,5.492192817,-0.639829868,0.002122873,angry
Who Was I Kidding,Martha Wainwright,2005,0.636287224,0.704244766,0.497568734,153.396,-10.512,3,0.935,2,0.705,1,0.701,40.07680138,-57.12150069,-11.40982759,-18.05574483,3.959431724,-12.72027448,16.45689793,-0.878573793,15.20999172,1.160904828,-7.263413793,1.428881379,calm
Why Do All Girls Think They're Fat (Album),Reel Big Fish,2007,NaN,0.784143965,0.553168864,159.723,-4.188,4,0.453,2,0.46,1,0.502,49.99747773,9.747342105,49.69022672,1.631722672,-35.3309919,-11.6859919,-9.307718623,-0.396151822,8.057969636,2.934593117,-0.077694332,-4.268965587,excited
Wildflower,Bon Jovi,2005,0.627073796,0.839297678,0.718891456,93.044,-6.083,4,0.619,7,0.549,1,0.628,49.24878027,37.79153961,6.313506726,-12.0618012,-0.999176383,-22.98770404,-1.140925262,-1.246603886,3.510944694,1.130336323,-0.553165919,7.061741405,calm
Wish,Brian Littrell,2006,0.524079323,0.68250801,0.42563248,98.937,-6.288,4,0.775,7,0.671,1,0.779,46.6056208,18.3034352,-17.0337008,-28.218296,9.9730544,-16.8718832,-19.1246688,-4.3713584,-1.3451712,-1.3224496,-2.5010288,-0.3211888,happy
Won Threw Ate,Story Of The Year,2010,0.628217965,0.806762596,0.580095045,143.837,-3.487,7,1,7,0.197,0,0.456,52.41650082,42.64565517,43.78668473,1.322440066,-11.44138259,-24.64721182,-1.537141215,-0.894635468,7.267804598,4.704495895,1.00982266,-3.955755337,angry
World Of Vibrations (Album Version),Blackalicious,2005,0.721502075,0.697113663,0.518784102,116.682,-7.625,5,1,8,0.309,1,0.334,44.59216219,-4.647718127,51.98119601,22.09616132,-3.215050304,0.328189072,1.276464874,2.923137901,13.50512576,3.801362533,0.18414484,8.691431049,excited
Year Zero,30 Seconds To Mars,2002,0.81689746,0.909324834,0.677087547,121.518,-6.736,5,0.994,3,0.544,1,0.741,45.24188498,6.737264378,16.81612103,-3.736470386,-13.54141202,-17.94785837,1.528406867,-4.633248927,4.35524721,1.92963176,-2.083014592,0.779883262,excited
You And Your Heart,Jack Johnson,2010,0.918534291,0.832011771,0.677482479,107.042,-7.045,4,1,2,1,1,0.706,45.00206638,-23.43329149,-11.86037518,5.1872886,-8.919987013,4.636239538,6.541372294,-3.186782107,-0.710350649,1.629813853,0.284220779,2.39195671,happy
You Devil You,themselves,2002,0.527555356,0.628274449,0.428834536,80.051,-11.163,3,1,8,0.681,1,0.509,39.76039723,-23.6891715,21.4744855,0.84417024,5.523997478,-18.3278348,11.30915511,-2.43979319,19.4109483,2.60296343,-0.852324086,14.28225221,calm
You Got Me (The Juan Maclean Dub),VHS Or Beta,2006,0.266955186,0.67161064,0.421973968,125.999,-6.751,4,0.602,11,0.008,1,0.171,44.17521453,35.34239651,-11.49066308,52.5099343,-15.16037965,12.67855203,15.21456047,-1.323852616,3.148340988,2.674278779,0.185073547,8.595653488,happy
You Gotta Go,Fountains Of Wayne,2007,0.385271316,0.717762702,0.532266186,85.047,-3.594,4,0.038,0,0,1,0,50.39522549,30.33830637,54.40453186,15.31858088,-19.54206127,-11.31676225,7.136904412,-3.250473039,-1.066477941,-0.605786765,2.134436275,-5.082735294,excited
Your Silence,The Suicide Machines,2003,0.556739869,0.668674533,0.467538444,145.18,-2.323,4,0,10,0.065,1,0.215,52.71224217,36.98433278,11.303771,-4.64439374,-12.45373641,-19.22230807,-15.54333443,-5.115981878,3.408645799,6.705960461,1.90423888,4.131125206,angry
summer jam,Set Your Goals,2009,0.708407537,0.823910087,0.549749652,99.024,-3.242,4,0.64,8,0.523,1,0.593,52.44716366,49.15251952,32.66777628,-2.98066967,-15.30353453,-26.04077477,9.296402402,3.871096096,7.248654655,8.587237237,-1.355666667,0.65203003,excited
the fallen...,Set Your Goals,2009,0.71839133,0.823910087,0.549749652,194.532,-2.192,3,0.173,3,0.124,1,0.299,54.1731092,57.32224425,46.57314655,-1.005818966,-16.85118247,-22.31190086,-3.417462644,0.529064655,11.14796121,9.019494253,0.938237069,5.183729885,excited